,x1,x2,x3,group,y
1,0,0,0,0,0.9639
2,0,0,0,0,-1.5432
3,0,0,0,0,-2.8682
4,0,0,0,0,-1.4196
5,0,0,0,0,-0.8988
6,0,0,0,0,-0.7242
7,0,0,0,0,1.1969
8,0,0,0,0,-2.8544
9,0,0,0,0,-0.0405
10,0,0,0,0,-0.7559
11,0,0,0,0,-0.922
12,0,0,0,0,1.1117
13,0,0,0,0,2.1669
14,0,0,0,0,2.5583
15,0,0,0,0,0.3052
16,0,0,0,0,1.3543
17,0,0,0,0,1.1785
18,0,0,0,0,-0.6518
19,0,0,0,0,0.861
20,0,0,0,0,1.3055
21,0,0,0,0,-0.6872
22,0,0,0,0,-0.3065
23,0,0,0,0,-1.0155
24,0,0,0,0,1.159
25,0,0,0,0,0.336
26,0,0,0,0,-0.2707
27,0,0,0,0,-0.0669
28,0,0,0,0,0.1324
29,0,0,0,0,-1.334
30,0,0,0,0,2.4683
31,0,0,0,0,-0.2179
32,0,0,0,0,0.6507
33,0,0,0,0,-0.5812
34,0,0,0,0,1.101
35,0,0,0,0,0.5745
36,0,0,0,0,0.3657
37,0,0,0,0,0.321
38,0,0,0,0,1.1543
39,0,0,0,0,0.5412
40,0,0,0,0,-0.1272
41,0,0,0,0,0.0684
42,0,0,0,0,-1.2682
43,0,0,0,0,0.2456
44,0,0,0,0,-0.0858
45,0,0,0,0,1.0485
46,0,0,0,0,0.6127
47,0,0,0,0,-1.2446
48,0,0,0,0,-0.3313
49,0,0,0,0,1.1086
50,0,0,0,0,-0.1618
51,0,0,0,0,-0.512
52,0,0,0,0,-1.0961
53,0,0,0,0,0.0289
54,0,0,0,0,-1.0204
55,0,0,0,0,-0.231
56,0,0,0,0,0.359
57,0,0,0,0,-0.2678
58,0,0,0,0,1.726
59,0,0,0,0,-1.0075
60,0,0,0,0,0.9651
61,0,0,0,0,1.0085
62,0,0,0,0,0.5054
63,0,0,0,0,0.8676
64,0,0,0,0,-2.2505
65,0,0,0,0,-0.5893
66,0,0,0,0,-1.4727
67,0,0,0,0,0.8332
68,0,0,0,0,0.4023
69,0,0,0,0,-2.1748
70,0,0,0,0,-1.4309
71,0,0,0,0,-0.4298
72,0,0,0,0,1.2843
73,0,0,0,0,2.6559
74,0,0,0,0,-0.7927
75,0,0,0,0,0.8638
76,0,0,0,0,-0.3255
77,0,0,0,0,1.3724
78,0,0,0,0,0.7743
79,0,0,0,0,-0.7627
80,0,0,0,0,-1.4269
81,0,0,0,0,-1.118
82,0,0,0,0,-1.6588
83,0,0,0,0,-1.2481
84,0,0,0,0,0.8752
85,0,0,0,0,-0.0521
86,0,0,0,0,0.3544
87,0,0,0,0,0.8715
88,0,0,0,0,-1.4131
89,0,0,0,0,-1.703
90,0,0,0,0,-1.4264
91,0,0,0,0,0.2854
92,0,0,0,0,0.838
93,0,0,0,0,-0.8771
94,0,0,0,0,-2.449
95,0,0,0,0,-0.564
96,0,0,0,0,-1.2014
97,0,0,0,0,0.9921
98,0,0,0,0,1.0433
99,0,0,0,0,1.9233
100,0,0,0,0,1.5458
101,0,0,0,1,-0.001
102,0,0,0,1,-0.2724
103,0,0,0,1,-1.1763
104,0,0,0,1,1.5866
105,0,0,0,1,-0.2821
106,0,0,0,1,0.0823
107,0,0,0,1,-0.22
108,0,0,0,1,-0.1136
109,0,0,0,1,0.7222
110,0,0,0,1,0.6387
111,0,0,0,1,1.9803
112,0,0,0,1,-0.5293
113,0,0,0,1,-0.2476
114,0,0,0,1,2.2082
115,0,0,0,1,0.7336
116,0,0,0,1,0.1601
117,0,0,0,1,1.715
118,0,0,0,1,-0.8676
119,0,0,0,1,0.7483
120,0,0,0,1,-0.1573
121,0,0,0,1,-0.669
122,0,0,0,1,-0.0226
123,0,0,0,1,0.6075
124,0,0,0,1,-0.227
125,0,0,0,1,0.1962
126,0,0,0,1,1.1262
127,0,0,0,1,1.8021
128,0,0,0,1,-0.9428
129,0,0,0,1,0.8092
130,0,0,0,1,-0.2976
131,0,0,0,1,0.3462
132,0,0,0,1,0.4358
133,0,0,0,1,0.0656
134,0,0,0,1,-1.0112
135,0,0,0,1,0.3306
136,0,0,0,1,0.6539
137,0,0,0,1,-0.4652
138,0,0,0,1,-0.5314
139,0,0,0,1,-0.5079
140,0,0,0,1,-0.7583
141,0,0,0,1,-0.6953
142,0,0,0,1,-2.4718
143,0,0,0,1,-0.5212
144,0,0,0,1,-0.5093
145,0,0,0,1,0.0499
146,0,0,0,1,0.3826
147,0,0,0,1,-0.745
148,0,0,0,1,0.8408
149,0,0,0,1,-0.074
150,0,0,0,1,0.4491
151,0,0,0,1,-0.1358
152,0,0,0,1,0.6673
153,0,0,0,1,-1.7138
154,0,0,0,1,-2.6581
155,0,0,0,1,0.0988
156,0,0,0,1,0.5904
157,0,0,0,1,-0.6101
158,0,0,0,1,-0.0687
159,0,0,0,1,-1.5124
160,0,0,0,1,0.7484
161,0,0,0,1,-1.3502
162,0,0,0,1,1.583
163,0,0,0,1,0.6385
164,0,0,0,1,0.2771
165,0,0,0,1,-1.3894
166,0,0,0,1,-2.9432
167,0,0,0,1,0.9447
168,0,0,0,1,-2.3166
169,0,0,0,1,0.4389
170,0,0,0,1,-0.6883
171,0,0,0,1,-0.4123
172,0,0,0,1,0.3502
173,0,0,0,1,-0.3444
174,0,0,0,1,-0.0045
175,0,0,0,1,0.2589
176,0,0,0,1,0.263
177,0,0,0,1,0.8304
178,0,0,0,1,0.8274
179,0,0,0,1,0.6568
180,0,0,0,1,-0.5293
181,0,0,0,1,-0.7955
182,0,0,0,1,0.161
183,0,0,0,1,-1.6178
184,0,0,0,1,-0.7536
185,0,0,0,1,0.5934
186,0,0,0,1,0.0775
187,0,0,0,1,-1.811
188,0,0,0,1,0.7318
189,0,0,0,1,-1.9561
190,0,0,0,1,-1.2903
191,0,0,0,1,1.004
192,0,0,0,1,-7.00E-04
193,0,0,0,1,0.1448
194,0,0,0,1,0.4846
195,0,0,0,1,-1.0947
196,0,0,0,1,0.674
197,0,0,0,1,-0.3912
198,0,0,0,1,0.253
199,0,0,0,1,0.8011
200,0,0,0,1,-0.0747
201,0,0,1,0,1.6183
202,0,0,1,0,-0.4549
203,0,0,1,0,-1.0943
204,0,0,1,0,0.5513
205,0,0,1,0,0.8921
206,0,0,1,0,0.062
207,0,0,1,0,1.1905
208,0,0,1,0,-1.2321
209,0,0,1,0,0.2987
210,0,0,1,0,-1.4824
211,0,0,1,0,0.3876
212,0,0,1,0,-0.0558
213,0,0,1,0,0.286
214,0,0,1,0,0.6356
215,0,0,1,0,-0.0608
216,0,0,1,0,0.1496
217,0,0,1,0,0.9814
218,0,0,1,0,-1.2245
219,0,0,1,0,0.8454
220,0,0,1,0,-0.3237
221,0,0,1,0,0.2112
222,0,0,1,0,-3.00E-04
223,0,0,1,0,-2.1187
224,0,0,1,0,-0.9663
225,0,0,1,0,1.1539
226,0,0,1,0,-1.718
227,0,0,1,0,-0.5843
228,0,0,1,0,-0.5391
229,0,0,1,0,-0.0914
230,0,0,1,0,-1.1744
231,0,0,1,0,-0.0945
232,0,0,1,0,0.9803
233,0,0,1,0,-0.1894
234,0,0,1,0,1.0841
235,0,0,1,0,0.5066
236,0,0,1,0,1.3473
237,0,0,1,0,-0.4045
238,0,0,1,0,-0.1572
239,0,0,1,0,-0.2414
240,0,0,1,0,-0.3244
241,0,0,1,0,0.4831
242,0,0,1,0,1.172
243,0,0,1,0,-0.563
244,0,0,1,0,0.0876
245,0,0,1,0,1.4012
246,0,0,1,0,0.3193
247,0,0,1,0,-0.1392
248,0,0,1,0,1.198
249,0,0,1,0,0.4734
250,0,0,1,0,-0.735
251,0,0,1,0,1.5902
252,0,0,1,0,-0.2416
253,0,0,1,0,0.1976
254,0,0,1,0,-1.1075
255,0,0,1,0,0.4904
256,0,0,1,0,-0.0175
257,0,0,1,0,-1.1402
258,0,0,1,0,0.7637
259,0,0,1,0,0.0586
260,0,0,1,0,-0.1339
261,0,0,1,0,2.1135
262,0,0,1,0,-0.3174
263,0,0,1,0,-1.1837
264,0,0,1,0,0.6576
265,0,0,1,0,-1.4785
266,0,0,1,0,-0.0966
267,0,0,1,0,-0.3743
268,0,0,1,0,0.7377
269,0,0,1,0,-1.1201
270,0,0,1,0,-1.6426
271,0,0,1,0,0.735
272,0,0,1,0,-0.1941
273,0,0,1,0,0.6351
274,0,0,1,0,-1.2254
275,0,0,1,0,-0.9999
276,0,0,1,0,-0.5139
277,0,0,1,0,0.229
278,0,0,1,0,-1.0977
279,0,0,1,0,-0.1371
280,0,0,1,0,1.3384
281,0,0,1,0,-0.6396
282,0,0,1,0,-1.5844
283,0,0,1,0,-0.8629
284,0,0,1,0,1.9204
285,0,0,1,0,-0.5688
286,0,0,1,0,0.985
287,0,0,1,0,-0.2351
288,0,0,1,0,-2.9002
289,0,0,1,0,-0.0358
290,0,0,1,0,0.7117
291,0,0,1,0,1.9452
292,0,0,1,0,0.1159
293,0,0,1,0,0.002
294,0,0,1,0,-1.6809
295,0,0,1,0,-0.7319
296,0,0,1,0,-0.8579
297,0,0,1,0,0.0514
298,0,0,1,0,-0.8411
299,0,0,1,0,-0.4493
300,0,0,1,0,-1.8225
301,0,0,1,1,-0.7446
302,0,0,1,1,-0.5367
303,0,0,1,1,-0.6945
304,0,0,1,1,-0.7297
305,0,0,1,1,-0.8126
306,0,0,1,1,0.2851
307,0,0,1,1,0.1297
308,0,0,1,1,0.1806
309,0,0,1,1,0.0564
310,0,0,1,1,0.1547
311,0,0,1,1,-0.7646
312,0,0,1,1,-0.6249
313,0,0,1,1,0.8288
314,0,0,1,1,0.9759
315,0,0,1,1,1.6342
316,0,0,1,1,-0.3145
317,0,0,1,1,-1.1421
318,0,0,1,1,1.7945
319,0,0,1,1,-0.5719
320,0,0,1,1,0.9265
321,0,0,1,1,0.9433
322,0,0,1,1,-1.5344
323,0,0,1,1,1.4841
324,0,0,1,1,-1.4192
325,0,0,1,1,0.8679
326,0,0,1,1,-0.007
327,0,0,1,1,1.2916
328,0,0,1,1,-1.9514
329,0,0,1,1,-1.7401
330,0,0,1,1,0.3992
331,0,0,1,1,0.3101
332,0,0,1,1,-0.5783
333,0,0,1,1,1.2393
334,0,0,1,1,0.1478
335,0,0,1,1,-1.0986
336,0,0,1,1,-1.861
337,0,0,1,1,-0.4941
338,0,0,1,1,-0.3218
339,0,0,1,1,-0.5639
340,0,0,1,1,-1.5599
341,0,0,1,1,-0.7096
342,0,0,1,1,-0.4026
343,0,0,1,1,-0.1818
344,0,0,1,1,-0.5416
345,0,0,1,1,-0.3329
346,0,0,1,1,-1.2155
347,0,0,1,1,-0.1512
348,0,0,1,1,0.0932
349,0,0,1,1,-0.9733
350,0,0,1,1,0.0453
351,0,0,1,1,0.846
352,0,0,1,1,-1.3434
353,0,0,1,1,0.3051
354,0,0,1,1,1.0207
355,0,0,1,1,2.0848
356,0,0,1,1,0.8888
357,0,0,1,1,-1.5672
358,0,0,1,1,-0.8265
359,0,0,1,1,-0.0214
360,0,0,1,1,-0.8283
361,0,0,1,1,0.1917
362,0,0,1,1,0.3371
363,0,0,1,1,0.7436
364,0,0,1,1,-0.3684
365,0,0,1,1,-0.3134
366,0,0,1,1,0.699
367,0,0,1,1,-1.0215
368,0,0,1,1,0.9375
369,0,0,1,1,1.7954
370,0,0,1,1,-0.0094
371,0,0,1,1,-0.1687
372,0,0,1,1,0.3895
373,0,0,1,1,-0.6827
374,0,0,1,1,0.5535
375,0,0,1,1,0.2775
376,0,0,1,1,-0.4372
377,0,0,1,1,0.8846
378,0,0,1,1,0.1951
379,0,0,1,1,-0.7171
380,0,0,1,1,0.436
381,0,0,1,1,-1.5748
382,0,0,1,1,-0.6306
383,0,0,1,1,0.4398
384,0,0,1,1,-0.9704
385,0,0,1,1,1.9806
386,0,0,1,1,0.4618
387,0,0,1,1,-1.1947
388,0,0,1,1,0.6754
389,0,0,1,1,0.1909
390,0,0,1,1,0.7223
391,0,0,1,1,0.5388
392,0,0,1,1,-1.3302
393,0,0,1,1,0.4479
394,0,0,1,1,0.6531
395,0,0,1,1,-0.3625
396,0,0,1,1,-0.6617
397,0,0,1,1,0.1836
398,0,0,1,1,1.2451
399,0,0,1,1,-0.669
400,0,0,1,1,0.0103
401,0,0,2,0,0.1735
402,0,0,2,0,0.367
403,0,0,2,0,-0.2788
404,0,0,2,0,-0.6868
405,0,0,2,0,0.4199
406,0,0,2,0,-0.8685
407,0,0,2,0,1.2529
408,0,0,2,0,-2.4236
409,0,0,2,0,0.9404
410,0,0,2,0,1.1003
411,0,0,2,0,-0.1917
412,0,0,2,0,-0.9535
413,0,0,2,0,-1.0999
414,0,0,2,0,0.0643
415,0,0,2,0,-0.7621
416,0,0,2,0,-0.8596
417,0,0,2,0,0.1981
418,0,0,2,0,0.4425
419,0,0,2,0,-0.7598
420,0,0,2,0,0.3387
421,0,0,2,0,0.9185
422,0,0,2,0,-0.1345
423,0,0,2,0,1.4611
424,0,0,2,0,0.79
425,0,0,2,0,0.8136
426,0,0,2,0,0.5189
427,0,0,2,0,0.7251
428,0,0,2,0,-0.2582
429,0,0,2,0,-0.6566
430,0,0,2,0,0.785
431,0,0,2,0,0.8274
432,0,0,2,0,0.7069
433,0,0,2,0,1.1257
434,0,0,2,0,-1.2265
435,0,0,2,0,0.8235
436,0,0,2,0,1.627
437,0,0,2,0,-1.003
438,0,0,2,0,-2.6672
439,0,0,2,0,1.3153
440,0,0,2,0,0.927
441,0,0,2,0,-1.2698
442,0,0,2,0,2.6383
443,0,0,2,0,0.0926
444,0,0,2,0,1.5971
445,0,0,2,0,0.2221
446,0,0,2,0,-0.7936
447,0,0,2,0,-0.041
448,0,0,2,0,-0.2827
449,0,0,2,0,-0.5376
450,0,0,2,0,-1.005
451,0,0,2,0,0.2655
452,0,0,2,0,-1.2078
453,0,0,2,0,-0.0637
454,0,0,2,0,1.3363
455,0,0,2,0,-0.3044
456,0,0,2,0,-0.5943
457,0,0,2,0,-1.4523
458,0,0,2,0,-0.3508
459,0,0,2,0,1.2481
460,0,0,2,0,-0.6731
461,0,0,2,0,0.1102
462,0,0,2,0,-1.1393
463,0,0,2,0,0.2284
464,0,0,2,0,-0.1594
465,0,0,2,0,2.9736
466,0,0,2,0,0.8468
467,0,0,2,0,0.7591
468,0,0,2,0,-1.0923
469,0,0,2,0,0.0671
470,0,0,2,0,0.1515
471,0,0,2,0,0.0953
472,0,0,2,0,-0.4395
473,0,0,2,0,0.2319
474,0,0,2,0,-1.1323
475,0,0,2,0,-2.0292
476,0,0,2,0,-0.4067
477,0,0,2,0,-0.345
478,0,0,2,0,0.4811
479,0,0,2,0,0.3146
480,0,0,2,0,-0.2764
481,0,0,2,0,1.1148
482,0,0,2,0,-1.9796
483,0,0,2,0,-1.5284
484,0,0,2,0,-0.5144
485,0,0,2,0,-0.2427
486,0,0,2,0,-0.1482
487,0,0,2,0,-0.7503
488,0,0,2,0,-0.1764
489,0,0,2,0,-0.0385
490,0,0,2,0,0.1835
491,0,0,2,0,0.2564
492,0,0,2,0,-0.6936
493,0,0,2,0,-2.0813
494,0,0,2,0,-0.1705
495,0,0,2,0,-0.072
496,0,0,2,0,-1.2002
497,0,0,2,0,1.036
498,0,0,2,0,0.0465
499,0,0,2,0,0.5772
500,0,0,2,0,-0.6557
501,0,0,2,1,0.4907
502,0,0,2,1,1.0718
503,0,0,2,1,-0.0732
504,0,0,2,1,-1.6313
505,0,0,2,1,0.4579
506,0,0,2,1,-1.1352
507,0,0,2,1,0.4799
508,0,0,2,1,-0.3532
509,0,0,2,1,0.0818
510,0,0,2,1,-0.4761
511,0,0,2,1,-1.1727
512,0,0,2,1,0.1137
513,0,0,2,1,0.3225
514,0,0,2,1,-0.8916
515,0,0,2,1,-0.9533
516,0,0,2,1,-0.7574
517,0,0,2,1,0.3078
518,0,0,2,1,-1.7209
519,0,0,2,1,-0.6786
520,0,0,2,1,-0.2092
521,0,0,2,1,-0.3186
522,0,0,2,1,-1.1153
523,0,0,2,1,-0.4544
524,0,0,2,1,0.7075
525,0,0,2,1,0.6496
526,0,0,2,1,-0.8547
527,0,0,2,1,-0.6065
528,0,0,2,1,-0.8898
529,0,0,2,1,0.514
530,0,0,2,1,0.7059
531,0,0,2,1,0.293
532,0,0,2,1,-0.1635
533,0,0,2,1,2.0309
534,0,0,2,1,0.4489
535,0,0,2,1,-0.0713
536,0,0,2,1,-0.9115
537,0,0,2,1,1.1123
538,0,0,2,1,-1.0305
539,0,0,2,1,0.0659
540,0,0,2,1,-0.3647
541,0,0,2,1,-0.3207
542,0,0,2,1,-0.9302
543,0,0,2,1,-0.836
544,0,0,2,1,-0.5631
545,0,0,2,1,0.1302
546,0,0,2,1,0.2329
547,0,0,2,1,0.7867
548,0,0,2,1,1.1461
549,0,0,2,1,-0.532
550,0,0,2,1,0.028
551,0,0,2,1,0.4971
552,0,0,2,1,-0.4785
553,0,0,2,1,0.5623
554,0,0,2,1,-0.5565
555,0,0,2,1,-0.1098
556,0,0,2,1,-0.5669
557,0,0,2,1,-0.5788
558,0,0,2,1,-0.7999
559,0,0,2,1,-1.4112
560,0,0,2,1,-0.1849
561,0,0,2,1,1.3362
562,0,0,2,1,-0.4205
563,0,0,2,1,0.3614
564,0,0,2,1,-0.8274
565,0,0,2,1,-0.691
566,0,0,2,1,1.18
567,0,0,2,1,-0.7804
568,0,0,2,1,0.6453
569,0,0,2,1,0.4863
570,0,0,2,1,0.0764
571,0,0,2,1,-0.681
572,0,0,2,1,1.2328
573,0,0,2,1,-0.3457
574,0,0,2,1,0.3639
575,0,0,2,1,-0.001
576,0,0,2,1,0.3911
577,0,0,2,1,-1.3769
578,0,0,2,1,-2.1399
579,0,0,2,1,-0.8975
580,0,0,2,1,2.1235
581,0,0,2,1,-0.9505
582,0,0,2,1,1.5788
583,0,0,2,1,-0.9552
584,0,0,2,1,-0.122
585,0,0,2,1,0.5355
586,0,0,2,1,0.5425
587,0,0,2,1,-0.6223
588,0,0,2,1,-1.5592
589,0,0,2,1,-2.4772
590,0,0,2,1,-0.6691
591,0,0,2,1,1.5561
592,0,0,2,1,-0.4575
593,0,0,2,1,0.7926
594,0,0,2,1,0.1927
595,0,0,2,1,0.2416
596,0,0,2,1,0.3089
597,0,0,2,1,-0.289
598,0,0,2,1,-0.2812
599,0,0,2,1,-1.5589
600,0,0,2,1,0.3218
601,0,1,0,0,-0.1155
602,0,1,0,0,1.6384
603,0,1,0,0,-1.3771
604,0,1,0,0,-0.9355
605,0,1,0,0,1.7706
606,0,1,0,0,1.4779
607,0,1,0,0,-0.4775
608,0,1,0,0,0.538
609,0,1,0,0,0.7074
610,0,1,0,0,-0.9614
611,0,1,0,0,-0.2878
612,0,1,0,0,-0.0486
613,0,1,0,0,0.2364
614,0,1,0,0,-0.8284
615,0,1,0,0,-0.2183
616,0,1,0,0,0.3535
617,0,1,0,0,-2.452
618,0,1,0,0,-0.8221
619,0,1,0,0,0.4832
620,0,1,0,0,0.0879
621,0,1,0,0,0.7342
622,0,1,0,0,-0.1825
623,0,1,0,0,-0.3969
624,0,1,0,0,0.7427
625,0,1,0,0,0.5021
626,0,1,0,0,-0.0448
627,0,1,0,0,1.4864
628,0,1,0,0,-2.0987
629,0,1,0,0,-0.5518
630,0,1,0,0,-0.0365
631,0,1,0,0,0.245
632,0,1,0,0,-0.2289
633,0,1,0,0,1.6904
634,0,1,0,0,-1.7991
635,0,1,0,0,-2.6616
636,0,1,0,0,1.00E-04
637,0,1,0,0,0.7682
638,0,1,0,0,0.7195
639,0,1,0,0,0.0706
640,0,1,0,0,-0.3039
641,0,1,0,0,-0.6657
642,0,1,0,0,-0.8081
643,0,1,0,0,-0.3953
644,0,1,0,0,0.839
645,0,1,0,0,-1.0342
646,0,1,0,0,-1.5938
647,0,1,0,0,0.5352
648,0,1,0,0,-0.3237
649,0,1,0,0,0.931
650,0,1,0,0,-1.6369
651,0,1,0,0,0.1108
652,0,1,0,0,-0.4293
653,0,1,0,0,0.1333
654,0,1,0,0,0.2527
655,0,1,0,0,0.3703
656,0,1,0,0,1.6367
657,0,1,0,0,1.2498
658,0,1,0,0,0.2365
659,0,1,0,0,-2.5082
660,0,1,0,0,1.5812
661,0,1,0,0,1.857
662,0,1,0,0,-1.4849
663,0,1,0,0,-1.817
664,0,1,0,0,0.8208
665,0,1,0,0,0.1706
666,0,1,0,0,0.1976
667,0,1,0,0,0.257
668,0,1,0,0,1.2887
669,0,1,0,0,0.4748
670,0,1,0,0,0.749
671,0,1,0,0,-0.2711
672,0,1,0,0,1.6602
673,0,1,0,0,0.7789
674,0,1,0,0,0.6252
675,0,1,0,0,0.8697
676,0,1,0,0,-0.7164
677,0,1,0,0,0.0299
678,0,1,0,0,0.2913
679,0,1,0,0,-0.5401
680,0,1,0,0,0.7516
681,0,1,0,0,0.2763
682,0,1,0,0,-1.4022
683,0,1,0,0,-1.4213
684,0,1,0,0,-0.7351
685,0,1,0,0,-1.0537
686,0,1,0,0,-0.8223
687,0,1,0,0,-1.5873
688,0,1,0,0,-0.0654
689,0,1,0,0,1.5487
690,0,1,0,0,0.7943
691,0,1,0,0,0.3186
692,0,1,0,0,0.7653
693,0,1,0,0,-2.5846
694,0,1,0,0,-2.4843
695,0,1,0,0,-0.7594
696,0,1,0,0,0.7043
697,0,1,0,0,0.9265
698,0,1,0,0,1.0405
699,0,1,0,0,2.7376
700,0,1,0,0,-1.3409
701,0,1,0,1,-0.5024
702,0,1,0,1,-0.5291
703,0,1,0,1,0.9125
704,0,1,0,1,0.6638
705,0,1,0,1,0.3688
706,0,1,0,1,-0.0878
707,0,1,0,1,0.793
708,0,1,0,1,-0.2332
709,0,1,0,1,-0.7589
710,0,1,0,1,-0.828
711,0,1,0,1,1.3161
712,0,1,0,1,1.3733
713,0,1,0,1,1.0383
714,0,1,0,1,-2.1176
715,0,1,0,1,0.431
716,0,1,0,1,1.631
717,0,1,0,1,0.2812
718,0,1,0,1,0.8861
719,0,1,0,1,-0.2822
720,0,1,0,1,0.2533
721,0,1,0,1,0.4122
722,0,1,0,1,0.4476
723,0,1,0,1,0.0413
724,0,1,0,1,-0.369
725,0,1,0,1,0.6859
726,0,1,0,1,0.5787
727,0,1,0,1,0.096
728,0,1,0,1,0.7934
729,0,1,0,1,-0.028
730,0,1,0,1,-1.1035
731,0,1,0,1,0.654
732,0,1,0,1,0.3937
733,0,1,0,1,0.4416
734,0,1,0,1,0.1622
735,0,1,0,1,0.2453
736,0,1,0,1,-1.0985
737,0,1,0,1,0.3162
738,0,1,0,1,-2.7344
739,0,1,0,1,-0.4154
740,0,1,0,1,0.1009
741,0,1,0,1,-0.2717
742,0,1,0,1,-1.2025
743,0,1,0,1,-1.5198
744,0,1,0,1,1.0386
745,0,1,0,1,-0.1238
746,0,1,0,1,1.2382
747,0,1,0,1,-0.5764
748,0,1,0,1,0.5072
749,0,1,0,1,-2.0311
750,0,1,0,1,0.3337
751,0,1,0,1,0.8902
752,0,1,0,1,0.9116
753,0,1,0,1,0.8589
754,0,1,0,1,-1.134
755,0,1,0,1,-0.3871
756,0,1,0,1,1.5679
757,0,1,0,1,-0.1242
758,0,1,0,1,-1.3065
759,0,1,0,1,-0.1042
760,0,1,0,1,0.3069
761,0,1,0,1,0.5138
762,0,1,0,1,0.1913
763,0,1,0,1,-0.5684
764,0,1,0,1,0.1242
765,0,1,0,1,-0.4365
766,0,1,0,1,-0.5386
767,0,1,0,1,0.4666
768,0,1,0,1,1.2453
769,0,1,0,1,-0.7741
770,0,1,0,1,1.9193
771,0,1,0,1,-0.9992
772,0,1,0,1,-0.3838
773,0,1,0,1,-1.7088
774,0,1,0,1,0.9609
775,0,1,0,1,1.0285
776,0,1,0,1,-1.2277
777,0,1,0,1,-1.4522
778,0,1,0,1,-0.662
779,0,1,0,1,1.1022
780,0,1,0,1,0.2927
781,0,1,0,1,0.5079
782,0,1,0,1,1.1282
783,0,1,0,1,-0.6382
784,0,1,0,1,-2.9921
785,0,1,0,1,-0.5668
786,0,1,0,1,-0.7775
787,0,1,0,1,-0.2993
788,0,1,0,1,0.6657
789,0,1,0,1,0.5225
790,0,1,0,1,-0.4533
791,0,1,0,1,2.3014
792,0,1,0,1,0.043
793,0,1,0,1,1.2993
794,0,1,0,1,-1.8726
795,0,1,0,1,1.0804
796,0,1,0,1,-0.259
797,0,1,0,1,0.9599
798,0,1,0,1,-0.6068
799,0,1,0,1,-0.6873
800,0,1,0,1,0.4943
801,0,1,1,0,1.3863
802,0,1,1,0,0.1333
803,0,1,1,0,0.7595
804,0,1,1,0,0.9901
805,0,1,1,0,-0.8563
806,0,1,1,0,-2.0151
807,0,1,1,0,-0.5936
808,0,1,1,0,-1.4439
809,0,1,1,0,0.5091
810,0,1,1,0,-0.2097
811,0,1,1,0,-1.1323
812,0,1,1,0,-0.4639
813,0,1,1,0,0.5801
814,0,1,1,0,-0.9273
815,0,1,1,0,-0.5615
816,0,1,1,0,2.2406
817,0,1,1,0,-0.308
818,0,1,1,0,1.1573
819,0,1,1,0,1.8101
820,0,1,1,0,-1.2707
821,0,1,1,0,1.3077
822,0,1,1,0,1.352
823,0,1,1,0,1.4434
824,0,1,1,0,-1.0559
825,0,1,1,0,-0.5639
826,0,1,1,0,-0.9654
827,0,1,1,0,0.9835
828,0,1,1,0,-0.7831
829,0,1,1,0,-1.1175
830,0,1,1,0,0.1149
831,0,1,1,0,-0.5033
832,0,1,1,0,-1.4893
833,0,1,1,0,-0.4739
834,0,1,1,0,-0.3225
835,0,1,1,0,0.9951
836,0,1,1,0,0.9394
837,0,1,1,0,-1.1194
838,0,1,1,0,-1.6178
839,0,1,1,0,-0.2376
840,0,1,1,0,-0.0617
841,0,1,1,0,-0.2446
842,0,1,1,0,0.0583
843,0,1,1,0,1.7169
844,0,1,1,0,0.4563
845,0,1,1,0,1.0217
846,0,1,1,0,0.6528
847,0,1,1,0,-0.213
848,0,1,1,0,-0.6059
849,0,1,1,0,0.2942
850,0,1,1,0,-0.3196
851,0,1,1,0,-1.341
852,0,1,1,0,-0.6559
853,0,1,1,0,0.2378
854,0,1,1,0,-1.2605
855,0,1,1,0,1.3963
856,0,1,1,0,-1.817
857,0,1,1,0,1.7792
858,0,1,1,0,-0.5635
859,0,1,1,0,-0.5414
860,0,1,1,0,-0.6523
861,0,1,1,0,2.4
862,0,1,1,0,0.5392
863,0,1,1,0,-0.2784
864,0,1,1,0,-0.3299
865,0,1,1,0,-0.0809
866,0,1,1,0,-0.3703
867,0,1,1,0,-0.1125
868,0,1,1,0,-0.7633
869,0,1,1,0,0.467
870,0,1,1,0,0.0104
871,0,1,1,0,0.0118
872,0,1,1,0,-0.3703
873,0,1,1,0,0.676
874,0,1,1,0,1.2668
875,0,1,1,0,0.642
876,0,1,1,0,0.4282
877,0,1,1,0,1.3525
878,0,1,1,0,-0.0762
879,0,1,1,0,-1.7472
880,0,1,1,0,1.8717
881,0,1,1,0,-0.3122
882,0,1,1,0,-1.5112
883,0,1,1,0,-0.0467
884,0,1,1,0,1.0858
885,0,1,1,0,-1.4052
886,0,1,1,0,-0.564
887,0,1,1,0,-0.5442
888,0,1,1,0,-0.7088
889,0,1,1,0,-0.1399
890,0,1,1,0,-0.4826
891,0,1,1,0,-0.9852
892,0,1,1,0,-0.2467
893,0,1,1,0,0.2039
894,0,1,1,0,-0.7071
895,0,1,1,0,0.109
896,0,1,1,0,0.0523
897,0,1,1,0,0.6328
898,0,1,1,0,-1.1734
899,0,1,1,0,1.4593
900,0,1,1,0,-0.3592
901,0,1,1,1,0.3685
902,0,1,1,1,-0.9928
903,0,1,1,1,0.565
904,0,1,1,1,0.3629
905,0,1,1,1,-2.5743
906,0,1,1,1,-0.2467
907,0,1,1,1,2.188
908,0,1,1,1,-0.1532
909,0,1,1,1,0.0998
910,0,1,1,1,0.8548
911,0,1,1,1,-0.3743
912,0,1,1,1,-0.436
913,0,1,1,1,0.7033
914,0,1,1,1,-0.7298
915,0,1,1,1,-2.022
916,0,1,1,1,1.5225
917,0,1,1,1,0.3962
918,0,1,1,1,0.4241
919,0,1,1,1,0.5063
920,0,1,1,1,2.0185
921,0,1,1,1,-0.369
922,0,1,1,1,-2.4737
923,0,1,1,1,0.8042
924,0,1,1,1,0.9015
925,0,1,1,1,2.2198
926,0,1,1,1,0.9949
927,0,1,1,1,0.0514
928,0,1,1,1,0.2188
929,0,1,1,1,-0.0204
930,0,1,1,1,0.7102
931,0,1,1,1,0.0181
932,0,1,1,1,-0.4836
933,0,1,1,1,-0.8513
934,0,1,1,1,-0.361
935,0,1,1,1,-0.7693
936,0,1,1,1,0.0978
937,0,1,1,1,0.2954
938,0,1,1,1,0.2783
939,0,1,1,1,0.1066
940,0,1,1,1,-0.444
941,0,1,1,1,0.5601
942,0,1,1,1,0.5768
943,0,1,1,1,-0.6704
944,0,1,1,1,0.9318
945,0,1,1,1,0.1289
946,0,1,1,1,0.9029
947,0,1,1,1,-0.8577
948,0,1,1,1,0.5655
949,0,1,1,1,0.2654
950,0,1,1,1,-0.9094
951,0,1,1,1,-0.1905
952,0,1,1,1,-0.014
953,0,1,1,1,-0.7909
954,0,1,1,1,-1.0498
955,0,1,1,1,-1.6455
956,0,1,1,1,0.4396
957,0,1,1,1,-0.0773
958,0,1,1,1,0.0649
959,0,1,1,1,0.5575
960,0,1,1,1,-0.7481
961,0,1,1,1,0.6883
962,0,1,1,1,0.2919
963,0,1,1,1,-1.9457
964,0,1,1,1,-0.4854
965,0,1,1,1,-0.07
966,0,1,1,1,0.9199
967,0,1,1,1,1.2219
968,0,1,1,1,0.5758
969,0,1,1,1,0.5408
970,0,1,1,1,-1.1867
971,0,1,1,1,0.6109
972,0,1,1,1,-0.1378
973,0,1,1,1,0.788
974,0,1,1,1,-0.9513
975,0,1,1,1,-0.0188
976,0,1,1,1,1.4405
977,0,1,1,1,-0.0887
978,0,1,1,1,0.5609
979,0,1,1,1,-1.5552
980,0,1,1,1,-0.4549
981,0,1,1,1,-0.4544
982,0,1,1,1,0.8265
983,0,1,1,1,-0.462
984,0,1,1,1,0.0705
985,0,1,1,1,0.0871
986,0,1,1,1,-0.7282
987,0,1,1,1,-0.3309
988,0,1,1,1,-0.3639
989,0,1,1,1,0.1826
990,0,1,1,1,0.8111
991,0,1,1,1,0.5644
992,0,1,1,1,1.0286
993,0,1,1,1,-0.764
994,0,1,1,1,-0.0366
995,0,1,1,1,0.2
996,0,1,1,1,-1.0468
997,0,1,1,1,1.6459
998,0,1,1,1,1.0631
999,0,1,1,1,-0.7047
1000,0,1,1,1,-1.3044
1001,0,1,2,0,1.7568
1002,0,1,2,0,-0.3141
1003,0,1,2,0,-0.2006
1004,0,1,2,0,-0.5629
1005,0,1,2,0,1.0343
1006,0,1,2,0,-0.7636
1007,0,1,2,0,-0.5473
1008,0,1,2,0,-0.3004
1009,0,1,2,0,-1.5108
1010,0,1,2,0,1.2165
1011,0,1,2,0,0.5789
1012,0,1,2,0,-0.5237
1013,0,1,2,0,-1.1848
1014,0,1,2,0,0.5413
1015,0,1,2,0,-0.9122
1016,0,1,2,0,-1.9014
1017,0,1,2,0,0.3412
1018,0,1,2,0,0.7038
1019,0,1,2,0,-0.7045
1020,0,1,2,0,-0.903
1021,0,1,2,0,-0.6751
1022,0,1,2,0,1.1072
1023,0,1,2,0,0.7112
1024,0,1,2,0,-0.8005
1025,0,1,2,0,-0.0303
1026,0,1,2,0,-0.8978
1027,0,1,2,0,1.1976
1028,0,1,2,0,-1.9945
1029,0,1,2,0,1.6228
1030,0,1,2,0,0.6171
1031,0,1,2,0,0.0299
1032,0,1,2,0,-0.0151
1033,0,1,2,0,-0.4577
1034,0,1,2,0,-0.0277
1035,0,1,2,0,0.5601
1036,0,1,2,0,0.5769
1037,0,1,2,0,-0.5964
1038,0,1,2,0,-0.7471
1039,0,1,2,0,1.0251
1040,0,1,2,0,-1.1998
1041,0,1,2,0,-0.689
1042,0,1,2,0,0.3894
1043,0,1,2,0,-0.8546
1044,0,1,2,0,0.215
1045,0,1,2,0,-1.5986
1046,0,1,2,0,0.4901
1047,0,1,2,0,2.6443
1048,0,1,2,0,-0.3657
1049,0,1,2,0,-0.6887
1050,0,1,2,0,-2.0302
1051,0,1,2,0,-0.1412
1052,0,1,2,0,0.6664
1053,0,1,2,0,1.4093
1054,0,1,2,0,-0.0147
1055,0,1,2,0,0.8789
1056,0,1,2,0,0.5073
1057,0,1,2,0,0.4218
1058,0,1,2,0,1.0699
1059,0,1,2,0,-1.9335
1060,0,1,2,0,-0.0445
1061,0,1,2,0,0.5656
1062,0,1,2,0,-0.2275
1063,0,1,2,0,0.7542
1064,0,1,2,0,1.1723
1065,0,1,2,0,-0.1752
1066,0,1,2,0,-0.7499
1067,0,1,2,0,-0.3415
1068,0,1,2,0,1.0261
1069,0,1,2,0,-1.3687
1070,0,1,2,0,-1.2204
1071,0,1,2,0,-1.3524
1072,0,1,2,0,1.2522
1073,0,1,2,0,-0.5361
1074,0,1,2,0,-1.1
1075,0,1,2,0,0.2464
1076,0,1,2,0,-1.194
1077,0,1,2,0,0.9768
1078,0,1,2,0,1.196
1079,0,1,2,0,-1.7929
1080,0,1,2,0,-0.6132
1081,0,1,2,0,-1.0107
1082,0,1,2,0,-0.8879
1083,0,1,2,0,0.3054
1084,0,1,2,0,-0.334
1085,0,1,2,0,1.2091
1086,0,1,2,0,-0.6864
1087,0,1,2,0,0.0481
1088,0,1,2,0,0.4299
1089,0,1,2,0,1.8828
1090,0,1,2,0,-0.2583
1091,0,1,2,0,-0.2396
1092,0,1,2,0,1.0234
1093,0,1,2,0,0.6328
1094,0,1,2,0,-0.3019
1095,0,1,2,0,0.0272
1096,0,1,2,0,0.9372
1097,0,1,2,0,-1.1234
1098,0,1,2,0,-0.0428
1099,0,1,2,0,-0.8731
1100,0,1,2,0,1.1588
1101,0,1,2,1,-0.5407
1102,0,1,2,1,0.3686
1103,0,1,2,1,-0.4445
1104,0,1,2,1,1.0722
1105,0,1,2,1,0.3346
1106,0,1,2,1,-0.4275
1107,0,1,2,1,1.5577
1108,0,1,2,1,-0.7476
1109,0,1,2,1,1.4578
1110,0,1,2,1,1.1161
1111,0,1,2,1,-1.5624
1112,0,1,2,1,-0.4637
1113,0,1,2,1,0.5711
1114,0,1,2,1,1.8286
1115,0,1,2,1,0.5544
1116,0,1,2,1,0.0161
1117,0,1,2,1,0.766
1118,0,1,2,1,-0.5436
1119,0,1,2,1,-0.704
1120,0,1,2,1,0.7156
1121,0,1,2,1,0.9054
1122,0,1,2,1,0.6671
1123,0,1,2,1,0.0193
1124,0,1,2,1,0.8503
1125,0,1,2,1,-0.2284
1126,0,1,2,1,0.6036
1127,0,1,2,1,0.5817
1128,0,1,2,1,1.2448
1129,0,1,2,1,0.8257
1130,0,1,2,1,9.00E-04
1131,0,1,2,1,-0.8581
1132,0,1,2,1,-1.762
1133,0,1,2,1,-0.4961
1134,0,1,2,1,0.1225
1135,0,1,2,1,-0.8529
1136,0,1,2,1,-0.7526
1137,0,1,2,1,1.2774
1138,0,1,2,1,0.1975
1139,0,1,2,1,0.3257
1140,0,1,2,1,-0.0799
1141,0,1,2,1,0.7879
1142,0,1,2,1,-1.1117
1143,0,1,2,1,0.561
1144,0,1,2,1,0.7419
1145,0,1,2,1,-0.0299
1146,0,1,2,1,-1.1527
1147,0,1,2,1,0.5276
1148,0,1,2,1,1.2932
1149,0,1,2,1,0.627
1150,0,1,2,1,-0.7381
1151,0,1,2,1,-0.7779
1152,0,1,2,1,0.4741
1153,0,1,2,1,-1.1986
1154,0,1,2,1,0.4481
1155,0,1,2,1,1.9092
1156,0,1,2,1,-0.5578
1157,0,1,2,1,0.4303
1158,0,1,2,1,0.0687
1159,0,1,2,1,-0.0434
1160,0,1,2,1,-1.0001
1161,0,1,2,1,-0.5872
1162,0,1,2,1,1.6994
1163,0,1,2,1,-1.3349
1164,0,1,2,1,0.5016
1165,0,1,2,1,-0.565
1166,0,1,2,1,0.6735
1167,0,1,2,1,-0.2206
1168,0,1,2,1,-0.0583
1169,0,1,2,1,0.0408
1170,0,1,2,1,-1.0546
1171,0,1,2,1,-0.256
1172,0,1,2,1,-1.3579
1173,0,1,2,1,0.9424
1174,0,1,2,1,0.2452
1175,0,1,2,1,0.6911
1176,0,1,2,1,0.0103
1177,0,1,2,1,-0.8014
1178,0,1,2,1,-0.5002
1179,0,1,2,1,-1.7034
1180,0,1,2,1,2.1065
1181,0,1,2,1,-0.8913
1182,0,1,2,1,-0.2731
1183,0,1,2,1,0.5953
1184,0,1,2,1,0.4579
1185,0,1,2,1,-0.6785
1186,0,1,2,1,-0.286
1187,0,1,2,1,-0.4613
1188,0,1,2,1,-0.5351
1189,0,1,2,1,-0.1311
1190,0,1,2,1,-0.731
1191,0,1,2,1,-0.6381
1192,0,1,2,1,-0.0415
1193,0,1,2,1,1.8722
1194,0,1,2,1,0.9609
1195,0,1,2,1,0.3802
1196,0,1,2,1,-0.2088
1197,0,1,2,1,-0.7848
1198,0,1,2,1,-1.1831
1199,0,1,2,1,-2.0408
1200,0,1,2,1,-1.2385
1201,0,2,0,0,0.0568
1202,0,2,0,0,0.1096
1203,0,2,0,0,-0.2689
1204,0,2,0,0,0.9686
1205,0,2,0,0,0.6178
1206,0,2,0,0,1.2727
1207,0,2,0,0,-0.1699
1208,0,2,0,0,-1.1767
1209,0,2,0,0,-1.2268
1210,0,2,0,0,-0.0934
1211,0,2,0,0,-1.8267
1212,0,2,0,0,-0.1318
1213,0,2,0,0,-0.4931
1214,0,2,0,0,-0.7052
1215,0,2,0,0,-0.5401
1216,0,2,0,0,0.35
1217,0,2,0,0,1.0968
1218,0,2,0,0,0.0268
1219,0,2,0,0,0.5556
1220,0,2,0,0,1.5444
1221,0,2,0,0,1.0683
1222,0,2,0,0,-0.1186
1223,0,2,0,0,1.4971
1224,0,2,0,0,-0.9431
1225,0,2,0,0,-2.125
1226,0,2,0,0,0.136
1227,0,2,0,0,1.6047
1228,0,2,0,0,0.8659
1229,0,2,0,0,-1.2871
1230,0,2,0,0,-1.0734
1231,0,2,0,0,0.2249
1232,0,2,0,0,1.2631
1233,0,2,0,0,0.369
1234,0,2,0,0,0.5833
1235,0,2,0,0,-0.347
1236,0,2,0,0,1.1027
1237,0,2,0,0,1.5552
1238,0,2,0,0,0.3044
1239,0,2,0,0,1.2617
1240,0,2,0,0,0.2496
1241,0,2,0,0,-1.4762
1242,0,2,0,0,2.3149
1243,0,2,0,0,0.1437
1244,0,2,0,0,0.8351
1245,0,2,0,0,-0.6711
1246,0,2,0,0,-0.4886
1247,0,2,0,0,-0.7484
1248,0,2,0,0,1.4573
1249,0,2,0,0,0.4153
1250,0,2,0,0,-0.6022
1251,0,2,0,0,0.763
1252,0,2,0,0,-0.1622
1253,0,2,0,0,-0.8253
1254,0,2,0,0,0.4049
1255,0,2,0,0,0.6623
1256,0,2,0,0,-0.2124
1257,0,2,0,0,-0.6965
1258,0,2,0,0,0.921
1259,0,2,0,0,0.2622
1260,0,2,0,0,0.2918
1261,0,2,0,0,-0.5715
1262,0,2,0,0,1.2109
1263,0,2,0,0,-0.5531
1264,0,2,0,0,-0.2621
1265,0,2,0,0,0.1757
1266,0,2,0,0,-1.1046
1267,0,2,0,0,0.1017
1268,0,2,0,0,0.5702
1269,0,2,0,0,2.0022
1270,0,2,0,0,-0.6427
1271,0,2,0,0,0.4072
1272,0,2,0,0,0.8267
1273,0,2,0,0,-0.9521
1274,0,2,0,0,-0.2975
1275,0,2,0,0,-0.2747
1276,0,2,0,0,0.016
1277,0,2,0,0,-0.1074
1278,0,2,0,0,-1.402
1279,0,2,0,0,0.5498
1280,0,2,0,0,-0.7123
1281,0,2,0,0,2.2377
1282,0,2,0,0,0.2241
1283,0,2,0,0,0.6178
1284,0,2,0,0,-0.1857
1285,0,2,0,0,-0.5622
1286,0,2,0,0,0.2363
1287,0,2,0,0,0.7683
1288,0,2,0,0,0.3532
1289,0,2,0,0,-0.9263
1290,0,2,0,0,0.5368
1291,0,2,0,0,-0.0073
1292,0,2,0,0,1.0868
1293,0,2,0,0,2.199
1294,0,2,0,0,0.8684
1295,0,2,0,0,-0.6353
1296,0,2,0,0,0.746
1297,0,2,0,0,0.1743
1298,0,2,0,0,-1.0027
1299,0,2,0,0,0.3288
1300,0,2,0,0,0.1721
1301,0,2,0,1,-0.035
1302,0,2,0,1,-1.1519
1303,0,2,0,1,-1.3863
1304,0,2,0,1,-0.3502
1305,0,2,0,1,1.3865
1306,0,2,0,1,1.0111
1307,0,2,0,1,0.9243
1308,0,2,0,1,-0.6794
1309,0,2,0,1,-2.1097
1310,0,2,0,1,-0.3191
1311,0,2,0,1,-1.341
1312,0,2,0,1,0.3987
1313,0,2,0,1,-1.5454
1314,0,2,0,1,0.6286
1315,0,2,0,1,0.137
1316,0,2,0,1,0.5015
1317,0,2,0,1,1.3741
1318,0,2,0,1,0.7802
1319,0,2,0,1,-0.5098
1320,0,2,0,1,0.6758
1321,0,2,0,1,0.5172
1322,0,2,0,1,-1.7705
1323,0,2,0,1,1.5267
1324,0,2,0,1,-1.7012
1325,0,2,0,1,-0.2354
1326,0,2,0,1,-0.3819
1327,0,2,0,1,0.1078
1328,0,2,0,1,-0.0561
1329,0,2,0,1,-0.1957
1330,0,2,0,1,-2.8673
1331,0,2,0,1,-0.4067
1332,0,2,0,1,-1.1024
1333,0,2,0,1,-0.8017
1334,0,2,0,1,-0.6676
1335,0,2,0,1,-0.7904
1336,0,2,0,1,1.2463
1337,0,2,0,1,-1.0455
1338,0,2,0,1,-0.2772
1339,0,2,0,1,0.3323
1340,0,2,0,1,-1.5543
1341,0,2,0,1,-0.9427
1342,0,2,0,1,-0.8932
1343,0,2,0,1,0.0817
1344,0,2,0,1,-1.0116
1345,0,2,0,1,-0.2091
1346,0,2,0,1,1.3007
1347,0,2,0,1,-1.2432
1348,0,2,0,1,0.4327
1349,0,2,0,1,-0.6418
1350,0,2,0,1,1.9886
1351,0,2,0,1,-0.8621
1352,0,2,0,1,1.2069
1353,0,2,0,1,-0.2283
1354,0,2,0,1,-0.0083
1355,0,2,0,1,0.7587
1356,0,2,0,1,0.5041
1357,0,2,0,1,0.4174
1358,0,2,0,1,0.2124
1359,0,2,0,1,1.357
1360,0,2,0,1,0.2839
1361,0,2,0,1,0.6484
1362,0,2,0,1,1.4759
1363,0,2,0,1,0.3751
1364,0,2,0,1,-1.1214
1365,0,2,0,1,0.0263
1366,0,2,0,1,0.0589
1367,0,2,0,1,-0.4808
1368,0,2,0,1,-2.759
1369,0,2,0,1,1.0663
1370,0,2,0,1,0.8595
1371,0,2,0,1,-1.555
1372,0,2,0,1,-0.1483
1373,0,2,0,1,-0.7326
1374,0,2,0,1,-2.0365
1375,0,2,0,1,-1.0637
1376,0,2,0,1,0.9947
1377,0,2,0,1,-0.4374
1378,0,2,0,1,-0.2173
1379,0,2,0,1,-0.7706
1380,0,2,0,1,-0.4905
1381,0,2,0,1,0.8768
1382,0,2,0,1,-2.1294
1383,0,2,0,1,1.5322
1384,0,2,0,1,1.8206
1385,0,2,0,1,-1.296
1386,0,2,0,1,-1.2255
1387,0,2,0,1,-0.2734
1388,0,2,0,1,-0.9928
1389,0,2,0,1,-1.0498
1390,0,2,0,1,-0.3402
1391,0,2,0,1,1.8414
1392,0,2,0,1,0.8717
1393,0,2,0,1,-0.8061
1394,0,2,0,1,0.4745
1395,0,2,0,1,-0.1378
1396,0,2,0,1,0.7588
1397,0,2,0,1,0.3479
1398,0,2,0,1,0.9154
1399,0,2,0,1,0.1392
1400,0,2,0,1,-1.2295
1401,0,2,1,0,-1.2401
1402,0,2,1,0,-0.9083
1403,0,2,1,0,0.8743
1404,0,2,1,0,2.1081
1405,0,2,1,0,-0.517
1406,0,2,1,0,-0.0532
1407,0,2,1,0,-0.2623
1408,0,2,1,0,0.3883
1409,0,2,1,0,0.8809
1410,0,2,1,0,0.0137
1411,0,2,1,0,-0.4817
1412,0,2,1,0,0.3694
1413,0,2,1,0,-2.2005
1414,0,2,1,0,-0.4615
1415,0,2,1,0,1.7017
1416,0,2,1,0,-0.6445
1417,0,2,1,0,0.4329
1418,0,2,1,0,-0.3111
1419,0,2,1,0,-2.0827
1420,0,2,1,0,0.1437
1421,0,2,1,0,1.6146
1422,0,2,1,0,0.9954
1423,0,2,1,0,-0.0872
1424,0,2,1,0,2.0311
1425,0,2,1,0,0.9505
1426,0,2,1,0,-0.1588
1427,0,2,1,0,-0.4088
1428,0,2,1,0,0.6283
1429,0,2,1,0,-1.093
1430,0,2,1,0,-2.1968
1431,0,2,1,0,-1.985
1432,0,2,1,0,1.2278
1433,0,2,1,0,0.2708
1434,0,2,1,0,0.5418
1435,0,2,1,0,0.4792
1436,0,2,1,0,-0.7138
1437,0,2,1,0,-1.1649
1438,0,2,1,0,-0.1907
1439,0,2,1,0,1.6721
1440,0,2,1,0,-0.1132
1441,0,2,1,0,0.731
1442,0,2,1,0,0.3109
1443,0,2,1,0,0.4747
1444,0,2,1,0,-0.7642
1445,0,2,1,0,-0.5804
1446,0,2,1,0,1.7629
1447,0,2,1,0,0.3296
1448,0,2,1,0,0.2927
1449,0,2,1,0,-1.8638
1450,0,2,1,0,-0.4388
1451,0,2,1,0,-0.2155
1452,0,2,1,0,0.6754
1453,0,2,1,0,-0.2966
1454,0,2,1,0,-0.6235
1455,0,2,1,0,-0.2907
1456,0,2,1,0,-0.8287
1457,0,2,1,0,0.5457
1458,0,2,1,0,2.2816
1459,0,2,1,0,1.2686
1460,0,2,1,0,-0.1847
1461,0,2,1,0,0.7251
1462,0,2,1,0,-0.2365
1463,0,2,1,0,-0.2024
1464,0,2,1,0,-0.8412
1465,0,2,1,0,-0.4048
1466,0,2,1,0,0.5312
1467,0,2,1,0,0.2705
1468,0,2,1,0,-0.558
1469,0,2,1,0,2.0336
1470,0,2,1,0,-2.3323
1471,0,2,1,0,-1.4869
1472,0,2,1,0,2.032
1473,0,2,1,0,0.0868
1474,0,2,1,0,0.4403
1475,0,2,1,0,1.0869
1476,0,2,1,0,-0.8405
1477,0,2,1,0,0.4731
1478,0,2,1,0,-1.896
1479,0,2,1,0,0.9068
1480,0,2,1,0,-0.7066
1481,0,2,1,0,-0.4945
1482,0,2,1,0,1.1006
1483,0,2,1,0,0.2522
1484,0,2,1,0,1.4678
1485,0,2,1,0,-0.2354
1486,0,2,1,0,0.7354
1487,0,2,1,0,-1.0012
1488,0,2,1,0,1.0487
1489,0,2,1,0,-0.1621
1490,0,2,1,0,1.7942
1491,0,2,1,0,-0.3536
1492,0,2,1,0,-1.5638
1493,0,2,1,0,-0.2356
1494,0,2,1,0,0.9439
1495,0,2,1,0,0.1379
1496,0,2,1,0,-0.1711
1497,0,2,1,0,-0.589
1498,0,2,1,0,0.971
1499,0,2,1,0,0.6486
1500,0,2,1,0,0.2988
1501,0,2,1,1,0.5063
1502,0,2,1,1,-0.7492
1503,0,2,1,1,1.0292
1504,0,2,1,1,-1.5238
1505,0,2,1,1,-0.1819
1506,0,2,1,1,-0.656
1507,0,2,1,1,1.5722
1508,0,2,1,1,0.5203
1509,0,2,1,1,2.3001
1510,0,2,1,1,-0.0512
1511,0,2,1,1,1.8375
1512,0,2,1,1,0.3166
1513,0,2,1,1,-2.1375
1514,0,2,1,1,-1.0755
1515,0,2,1,1,2.0491
1516,0,2,1,1,0.6857
1517,0,2,1,1,1.1254
1518,0,2,1,1,-1.8464
1519,0,2,1,1,-0.4825
1520,0,2,1,1,-0.0162
1521,0,2,1,1,-0.5524
1522,0,2,1,1,0.3227
1523,0,2,1,1,-1.8361
1524,0,2,1,1,2.2976
1525,0,2,1,1,0.7064
1526,0,2,1,1,-1.1804
1527,0,2,1,1,-1.1147
1528,0,2,1,1,-0.5303
1529,0,2,1,1,0.2137
1530,0,2,1,1,0.6319
1531,0,2,1,1,-0.0413
1532,0,2,1,1,0.2579
1533,0,2,1,1,-0.5017
1534,0,2,1,1,-1.7251
1535,0,2,1,1,0.0419
1536,0,2,1,1,1.2805
1537,0,2,1,1,0.2553
1538,0,2,1,1,1.4835
1539,0,2,1,1,-0.1768
1540,0,2,1,1,0.6763
1541,0,2,1,1,1.6961
1542,0,2,1,1,-0.1941
1543,0,2,1,1,-0.2821
1544,0,2,1,1,0.253
1545,0,2,1,1,-1.4084
1546,0,2,1,1,-0.0954
1547,0,2,1,1,-0.6249
1548,0,2,1,1,-1.6753
1549,0,2,1,1,-0.5134
1550,0,2,1,1,-0.3796
1551,0,2,1,1,-0.8503
1552,0,2,1,1,-0.8542
1553,0,2,1,1,-0.3151
1554,0,2,1,1,-0.4451
1555,0,2,1,1,0.9779
1556,0,2,1,1,0.6109
1557,0,2,1,1,-1.1154
1558,0,2,1,1,-1.798
1559,0,2,1,1,0.5658
1560,0,2,1,1,1.2451
1561,0,2,1,1,1.5847
1562,0,2,1,1,0.0107
1563,0,2,1,1,0.9687
1564,0,2,1,1,-0.2674
1565,0,2,1,1,0.3443
1566,0,2,1,1,-0.1528
1567,0,2,1,1,1.4684
1568,0,2,1,1,0.0134
1569,0,2,1,1,-0.6796
1570,0,2,1,1,-1.5361
1571,0,2,1,1,2.4961
1572,0,2,1,1,0.6974
1573,0,2,1,1,-2.2742
1574,0,2,1,1,2.9163
1575,0,2,1,1,0.8926
1576,0,2,1,1,1.8288
1577,0,2,1,1,0.2826
1578,0,2,1,1,0.4255
1579,0,2,1,1,-0.0901
1580,0,2,1,1,-0.4337
1581,0,2,1,1,-0.2258
1582,0,2,1,1,2.2224
1583,0,2,1,1,-0.9146
1584,0,2,1,1,-1.47
1585,0,2,1,1,0.6082
1586,0,2,1,1,-1.8781
1587,0,2,1,1,1.7575
1588,0,2,1,1,-2.1796
1589,0,2,1,1,1.6613
1590,0,2,1,1,0.3543
1591,0,2,1,1,1.1907
1592,0,2,1,1,-0.9851
1593,0,2,1,1,-0.6573
1594,0,2,1,1,1.0682
1595,0,2,1,1,-1.6011
1596,0,2,1,1,0.4085
1597,0,2,1,1,-0.6173
1598,0,2,1,1,-1.0735
1599,0,2,1,1,1.1991
1600,0,2,1,1,-1.9813
1601,0,2,2,0,0.7031
1602,0,2,2,0,-1.2464
1603,0,2,2,0,0.3133
1604,0,2,2,0,0.33
1605,0,2,2,0,0.0954
1606,0,2,2,0,-0.7526
1607,0,2,2,0,-0.7362
1608,0,2,2,0,0.3391
1609,0,2,2,0,-0.5205
1610,0,2,2,0,-0.4154
1611,0,2,2,0,0.3324
1612,0,2,2,0,0.9377
1613,0,2,2,0,0.3218
1614,0,2,2,0,-0.5531
1615,0,2,2,0,0.5042
1616,0,2,2,0,1.3442
1617,0,2,2,0,1.1676
1618,0,2,2,0,0.7851
1619,0,2,2,0,-0.6003
1620,0,2,2,0,-0.9049
1621,0,2,2,0,-0.005
1622,0,2,2,0,1.0835
1623,0,2,2,0,-0.4732
1624,0,2,2,0,-1.8169
1625,0,2,2,0,0.1928
1626,0,2,2,0,-0.82
1627,0,2,2,0,0.7832
1628,0,2,2,0,0.2271
1629,0,2,2,0,-1.1216
1630,0,2,2,0,-0.5521
1631,0,2,2,0,1.2026
1632,0,2,2,0,0.1247
1633,0,2,2,0,2.1595
1634,0,2,2,0,-0.0974
1635,0,2,2,0,2.3732
1636,0,2,2,0,-0.6727
1637,0,2,2,0,-0.2549
1638,0,2,2,0,1.0984
1639,0,2,2,0,-0.4154
1640,0,2,2,0,-0.5474
1641,0,2,2,0,-0.8955
1642,0,2,2,0,-0.7129
1643,0,2,2,0,-0.1738
1644,0,2,2,0,1.0399
1645,0,2,2,0,-0.2868
1646,0,2,2,0,0.583
1647,0,2,2,0,-0.662
1648,0,2,2,0,-0.4835
1649,0,2,2,0,0.6049
1650,0,2,2,0,-2.1784
1651,0,2,2,0,-0.6539
1652,0,2,2,0,0.8673
1653,0,2,2,0,-0.0696
1654,0,2,2,0,-0.1875
1655,0,2,2,0,0.1674
1656,0,2,2,0,-2.2403
1657,0,2,2,0,-0.3435
1658,0,2,2,0,1.0582
1659,0,2,2,0,-0.0461
1660,0,2,2,0,-1.4267
1661,0,2,2,0,1.1382
1662,0,2,2,0,0.3754
1663,0,2,2,0,-0.1973
1664,0,2,2,0,-1.1437
1665,0,2,2,0,0.8989
1666,0,2,2,0,-0.077
1667,0,2,2,0,1.0287
1668,0,2,2,0,-0.3359
1669,0,2,2,0,-0.3871
1670,0,2,2,0,-0.2131
1671,0,2,2,0,-1.1716
1672,0,2,2,0,0.2257
1673,0,2,2,0,-0.7634
1674,0,2,2,0,-1.291
1675,0,2,2,0,1.1185
1676,0,2,2,0,1.6165
1677,0,2,2,0,0.2634
1678,0,2,2,0,1.208
1679,0,2,2,0,-1.4106
1680,0,2,2,0,-0.0108
1681,0,2,2,0,0.9852
1682,0,2,2,0,-2.1695
1683,0,2,2,0,0.7616
1684,0,2,2,0,-1.0408
1685,0,2,2,0,-1.1093
1686,0,2,2,0,0.1802
1687,0,2,2,0,1.5443
1688,0,2,2,0,0.8262
1689,0,2,2,0,-1.0209
1690,0,2,2,0,-0.2417
1691,0,2,2,0,1.1346
1692,0,2,2,0,0.8703
1693,0,2,2,0,-0.2669
1694,0,2,2,0,0.9461
1695,0,2,2,0,-0.0572
1696,0,2,2,0,1.608
1697,0,2,2,0,0.3114
1698,0,2,2,0,1.4163
1699,0,2,2,0,1.0159
1700,0,2,2,0,-0.5801
1701,0,2,2,1,-0.5903
1702,0,2,2,1,1.0124
1703,0,2,2,1,-0.0853
1704,0,2,2,1,0.4384
1705,0,2,2,1,-0.7627
1706,0,2,2,1,-0.0782
1707,0,2,2,1,-0.729
1708,0,2,2,1,-0.8275
1709,0,2,2,1,-0.641
1710,0,2,2,1,-0.0373
1711,0,2,2,1,-0.0816
1712,0,2,2,1,-0.5592
1713,0,2,2,1,0.8874
1714,0,2,2,1,-0.6902
1715,0,2,2,1,0.0074
1716,0,2,2,1,-1.0767
1717,0,2,2,1,1.496
1718,0,2,2,1,-1.2528
1719,0,2,2,1,-0.4299
1720,0,2,2,1,-0.6825
1721,0,2,2,1,-2.0871
1722,0,2,2,1,0.5581
1723,0,2,2,1,-1.4349
1724,0,2,2,1,0.2111
1725,0,2,2,1,0.527
1726,0,2,2,1,0.9384
1727,0,2,2,1,-0.2569
1728,0,2,2,1,0.7536
1729,0,2,2,1,-1.4168
1730,0,2,2,1,-1.4376
1731,0,2,2,1,1.1731
1732,0,2,2,1,-1.3297
1733,0,2,2,1,-0.7103
1734,0,2,2,1,-0.8965
1735,0,2,2,1,0.5376
1736,0,2,2,1,2.0321
1737,0,2,2,1,1.2735
1738,0,2,2,1,-0.7005
1739,0,2,2,1,-0.1767
1740,0,2,2,1,-0.538
1741,0,2,2,1,0.2892
1742,0,2,2,1,-0.0974
1743,0,2,2,1,0.9438
1744,0,2,2,1,-0.2373
1745,0,2,2,1,-0.6783
1746,0,2,2,1,1.75
1747,0,2,2,1,0.3882
1748,0,2,2,1,-1.3088
1749,0,2,2,1,2.1684
1750,0,2,2,1,-0.4602
1751,0,2,2,1,1.0095
1752,0,2,2,1,-0.5334
1753,0,2,2,1,-0.2989
1754,0,2,2,1,0.7302
1755,0,2,2,1,-0.6705
1756,0,2,2,1,0.7575
1757,0,2,2,1,1.19
1758,0,2,2,1,-0.6498
1759,0,2,2,1,0.5454
1760,0,2,2,1,-0.508
1761,0,2,2,1,1.9851
1762,0,2,2,1,0.7592
1763,0,2,2,1,-1.0941
1764,0,2,2,1,-0.5006
1765,0,2,2,1,-0.0472
1766,0,2,2,1,0.8349
1767,0,2,2,1,0.1066
1768,0,2,2,1,-0.5891
1769,0,2,2,1,0.4604
1770,0,2,2,1,-1.5716
1771,0,2,2,1,-0.4042
1772,0,2,2,1,-0.7755
1773,0,2,2,1,-1.1743
1774,0,2,2,1,0.7155
1775,0,2,2,1,-0.7422
1776,0,2,2,1,-1.1882
1777,0,2,2,1,0.3331
1778,0,2,2,1,-1.7925
1779,0,2,2,1,-0.9761
1780,0,2,2,1,1.0155
1781,0,2,2,1,-0.5625
1782,0,2,2,1,0.5424
1783,0,2,2,1,-0.2293
1784,0,2,2,1,-0.6573
1785,0,2,2,1,0.302
1786,0,2,2,1,-1.1891
1787,0,2,2,1,-0.1506
1788,0,2,2,1,0.3104
1789,0,2,2,1,1.4196
1790,0,2,2,1,1.6555
1791,0,2,2,1,1.4703
1792,0,2,2,1,0.9737
1793,0,2,2,1,-0.0703
1794,0,2,2,1,1.8528
1795,0,2,2,1,0.9016
1796,0,2,2,1,-0.0052
1797,0,2,2,1,0.0747
1798,0,2,2,1,-0.4915
1799,0,2,2,1,1.5777
1800,0,2,2,1,0.0408
1801,1,0,0,0,0.1759
1802,1,0,0,0,0.7228
1803,1,0,0,0,-0.1075
1804,1,0,0,0,0.2452
1805,1,0,0,0,-0.3537
1806,1,0,0,0,-0.7862
1807,1,0,0,0,0.1388
1808,1,0,0,0,1.7922
1809,1,0,0,0,0.2902
1810,1,0,0,0,0.8639
1811,1,0,0,0,0.6445
1812,1,0,0,0,-0.0621
1813,1,0,0,0,1.6826
1814,1,0,0,0,0.1309
1815,1,0,0,0,-0.5391
1816,1,0,0,0,-0.9423
1817,1,0,0,0,0.4723
1818,1,0,0,0,-0.7218
1819,1,0,0,0,0.0184
1820,1,0,0,0,-2.8253
1821,1,0,0,0,0.1112
1822,1,0,0,0,1.4372
1823,1,0,0,0,-1.6152
1824,1,0,0,0,0.4925
1825,1,0,0,0,0.6549
1826,1,0,0,0,1.2764
1827,1,0,0,0,1.2041
1828,1,0,0,0,-0.8091
1829,1,0,0,0,-0.3823
1830,1,0,0,0,1.3916
1831,1,0,0,0,-0.7936
1832,1,0,0,0,1.9669
1833,1,0,0,0,-0.3443
1834,1,0,0,0,-0.2214
1835,1,0,0,0,-1.3104
1836,1,0,0,0,-0.87
1837,1,0,0,0,0.6369
1838,1,0,0,0,-0.6705
1839,1,0,0,0,-0.5882
1840,1,0,0,0,2.7472
1841,1,0,0,0,-0.5485
1842,1,0,0,0,-0.5727
1843,1,0,0,0,0.0822
1844,1,0,0,0,0.6829
1845,1,0,0,0,-0.9246
1846,1,0,0,0,1.048
1847,1,0,0,0,0.2188
1848,1,0,0,0,1.1894
1849,1,0,0,0,0.7345
1850,1,0,0,0,2.1087
1851,1,0,0,0,-1.4476
1852,1,0,0,0,0.3404
1853,1,0,0,0,0.4755
1854,1,0,0,0,-0.7693
1855,1,0,0,0,-0.7198
1856,1,0,0,0,1.6514
1857,1,0,0,0,0.9935
1858,1,0,0,0,0.5921
1859,1,0,0,0,0.8845
1860,1,0,0,0,-0.2037
1861,1,0,0,0,-1.0432
1862,1,0,0,0,-0.8922
1863,1,0,0,0,-1.0836
1864,1,0,0,0,-0.1389
1865,1,0,0,0,1.8494
1866,1,0,0,0,0.0879
1867,1,0,0,0,0.3209
1868,1,0,0,0,0.55
1869,1,0,0,0,0.3543
1870,1,0,0,0,1.8858
1871,1,0,0,0,-0.3903
1872,1,0,0,0,-2.0207
1873,1,0,0,0,-0.6151
1874,1,0,0,0,0.7992
1875,1,0,0,0,-0.3877
1876,1,0,0,0,0.0863
1877,1,0,0,0,-0.4682
1878,1,0,0,0,-1.071
1879,1,0,0,0,-0.9597
1880,1,0,0,0,-1.9024
1881,1,0,0,0,-2.8128
1882,1,0,0,0,-1.2624
1883,1,0,0,0,0.8501
1884,1,0,0,0,1.177
1885,1,0,0,0,-1.9767
1886,1,0,0,0,-0.7938
1887,1,0,0,0,0.9814
1888,1,0,0,0,0.8898
1889,1,0,0,0,-0.6018
1890,1,0,0,0,-1.4262
1891,1,0,0,0,-0.8863
1892,1,0,0,0,0.5108
1893,1,0,0,0,0.3088
1894,1,0,0,0,0.3201
1895,1,0,0,0,-1.7397
1896,1,0,0,0,-0.8439
1897,1,0,0,0,-0.3565
1898,1,0,0,0,0.0692
1899,1,0,0,0,0.4779
1900,1,0,0,0,0.2413
1901,1,0,0,1,-1.1073
1902,1,0,0,1,0.3142
1903,1,0,0,1,-0.5442
1904,1,0,0,1,0.3273
1905,1,0,0,1,0.9444
1906,1,0,0,1,1.6048
1907,1,0,0,1,-0.98
1908,1,0,0,1,0.0244
1909,1,0,0,1,1.2942
1910,1,0,0,1,1.7717
1911,1,0,0,1,-0.4992
1912,1,0,0,1,-1.2652
1913,1,0,0,1,-0.6565
1914,1,0,0,1,0.1909
1915,1,0,0,1,-0.466
1916,1,0,0,1,2.2319
1917,1,0,0,1,-0.8458
1918,1,0,0,1,0.0046
1919,1,0,0,1,-0.3932
1920,1,0,0,1,-0.1424
1921,1,0,0,1,-2.0026
1922,1,0,0,1,0.7618
1923,1,0,0,1,-1.2042
1924,1,0,0,1,-0.7248
1925,1,0,0,1,0.1809
1926,1,0,0,1,0.6424
1927,1,0,0,1,-1.1177
1928,1,0,0,1,0.4807
1929,1,0,0,1,-0.8069
1930,1,0,0,1,-2.0127
1931,1,0,0,1,-0.266
1932,1,0,0,1,-0.8622
1933,1,0,0,1,0.0202
1934,1,0,0,1,-0.3811
1935,1,0,0,1,-1.7038
1936,1,0,0,1,1.1258
1937,1,0,0,1,-0.2985
1938,1,0,0,1,-0.1433
1939,1,0,0,1,0.7645
1940,1,0,0,1,-0.0513
1941,1,0,0,1,-0.5829
1942,1,0,0,1,-1.7301
1943,1,0,0,1,-0.2864
1944,1,0,0,1,1.9333
1945,1,0,0,1,-2.0854
1946,1,0,0,1,0.8556
1947,1,0,0,1,-0.9782
1948,1,0,0,1,0.0928
1949,1,0,0,1,-0.6797
1950,1,0,0,1,-1.0607
1951,1,0,0,1,-0.3705
1952,1,0,0,1,0.6293
1953,1,0,0,1,-1.9091
1954,1,0,0,1,-0.0343
1955,1,0,0,1,-0.7866
1956,1,0,0,1,-0.0912
1957,1,0,0,1,1.4843
1958,1,0,0,1,2.0891
1959,1,0,0,1,0.1426
1960,1,0,0,1,-1.6901
1961,1,0,0,1,-0.5673
1962,1,0,0,1,-0.0435
1963,1,0,0,1,-0.0792
1964,1,0,0,1,-1.2834
1965,1,0,0,1,-1.1896
1966,1,0,0,1,0.0562
1967,1,0,0,1,1.2136
1968,1,0,0,1,1.4953
1969,1,0,0,1,0.7364
1970,1,0,0,1,0.3461
1971,1,0,0,1,-0.2084
1972,1,0,0,1,0.1447
1973,1,0,0,1,0.0776
1974,1,0,0,1,-0.7148
1975,1,0,0,1,0.5606
1976,1,0,0,1,-0.8387
1977,1,0,0,1,1.0532
1978,1,0,0,1,-0.968
1979,1,0,0,1,0.5099
1980,1,0,0,1,0.9176
1981,1,0,0,1,0.0685
1982,1,0,0,1,-0.5144
1983,1,0,0,1,-0.0588
1984,1,0,0,1,-1.5611
1985,1,0,0,1,1.2672
1986,1,0,0,1,0.5064
1987,1,0,0,1,-0.1247
1988,1,0,0,1,-0.9136
1989,1,0,0,1,-1.6646
1990,1,0,0,1,-0.384
1991,1,0,0,1,0.3361
1992,1,0,0,1,1.8344
1993,1,0,0,1,-0.2634
1994,1,0,0,1,0.0613
1995,1,0,0,1,-0.7224
1996,1,0,0,1,-0.7552
1997,1,0,0,1,-0.3694
1998,1,0,0,1,-1.3009
1999,1,0,0,1,0.704
2000,1,0,0,1,0.688
2001,1,0,1,0,0.937
2002,1,0,1,0,0.8022
2003,1,0,1,0,-0.1331
2004,1,0,1,0,-0.5365
2005,1,0,1,0,-0.7394
2006,1,0,1,0,-0.1967
2007,1,0,1,0,-0.139
2008,1,0,1,0,0.2548
2009,1,0,1,0,0.6859
2010,1,0,1,0,-1.1385
2011,1,0,1,0,0.4937
2012,1,0,1,0,0.6065
2013,1,0,1,0,-0.6493
2014,1,0,1,0,-0.4926
2015,1,0,1,0,0.9967
2016,1,0,1,0,-1.3271
2017,1,0,1,0,-0.1543
2018,1,0,1,0,0.5576
2019,1,0,1,0,0.5879
2020,1,0,1,0,0.5048
2021,1,0,1,0,-0.2794
2022,1,0,1,0,0.1656
2023,1,0,1,0,-1.4106
2024,1,0,1,0,0.9389
2025,1,0,1,0,1.5513
2026,1,0,1,0,1.0758
2027,1,0,1,0,-0.1704
2028,1,0,1,0,-0.7052
2029,1,0,1,0,-0.1362
2030,1,0,1,0,0.7545
2031,1,0,1,0,-0.7142
2032,1,0,1,0,0.0185
2033,1,0,1,0,2.2454
2034,1,0,1,0,0.0779
2035,1,0,1,0,0.5079
2036,1,0,1,0,0.9284
2037,1,0,1,0,-0.0513
2038,1,0,1,0,1.8428
2039,1,0,1,0,1.779
2040,1,0,1,0,0.0427
2041,1,0,1,0,1.2262
2042,1,0,1,0,-1.4262
2043,1,0,1,0,-0.2961
2044,1,0,1,0,-2.4345
2045,1,0,1,0,1.0281
2046,1,0,1,0,0.8174
2047,1,0,1,0,1.7692
2048,1,0,1,0,-0.1213
2049,1,0,1,0,2.0094
2050,1,0,1,0,-0.3865
2051,1,0,1,0,-0.3694
2052,1,0,1,0,0.272
2053,1,0,1,0,0.4217
2054,1,0,1,0,-1.0011
2055,1,0,1,0,-1.0007
2056,1,0,1,0,2.0452
2057,1,0,1,0,-1.4175
2058,1,0,1,0,-1.0235
2059,1,0,1,0,0.8903
2060,1,0,1,0,-0.1439
2061,1,0,1,0,-0.3772
2062,1,0,1,0,0.8069
2063,1,0,1,0,0.558
2064,1,0,1,0,0.8557
2065,1,0,1,0,1.4086
2066,1,0,1,0,0.2891
2067,1,0,1,0,0.5717
2068,1,0,1,0,1.0287
2069,1,0,1,0,-0.2189
2070,1,0,1,0,0.513
2071,1,0,1,0,1.6427
2072,1,0,1,0,0.5045
2073,1,0,1,0,1.4348
2074,1,0,1,0,-0.3729
2075,1,0,1,0,0.1638
2076,1,0,1,0,-0.0048
2077,1,0,1,0,0.5356
2078,1,0,1,0,1.1043
2079,1,0,1,0,1.3689
2080,1,0,1,0,-0.2624
2081,1,0,1,0,-0.6764
2082,1,0,1,0,0.9256
2083,1,0,1,0,-0.1735
2084,1,0,1,0,-0.824
2085,1,0,1,0,-0.3364
2086,1,0,1,0,-0.3588
2087,1,0,1,0,-0.0156
2088,1,0,1,0,-0.1892
2089,1,0,1,0,0.2338
2090,1,0,1,0,0.3255
2091,1,0,1,0,-0.4742
2092,1,0,1,0,0.2095
2093,1,0,1,0,0.0102
2094,1,0,1,0,0.3585
2095,1,0,1,0,-0.5902
2096,1,0,1,0,-1.4817
2097,1,0,1,0,-0.7326
2098,1,0,1,0,1.8292
2099,1,0,1,0,-1.0934
2100,1,0,1,0,-0.9351
2101,1,0,1,1,0.174
2102,1,0,1,1,1.4733
2103,1,0,1,1,2.1011
2104,1,0,1,1,-0.5684
2105,1,0,1,1,-0.0441
2106,1,0,1,1,0.5545
2107,1,0,1,1,-0.6351
2108,1,0,1,1,-0.2193
2109,1,0,1,1,-0.2022
2110,1,0,1,1,0.1126
2111,1,0,1,1,0.4392
2112,1,0,1,1,-0.5105
2113,1,0,1,1,-1.0364
2114,1,0,1,1,-1.0544
2115,1,0,1,1,0.8967
2116,1,0,1,1,-1.7606
2117,1,0,1,1,-1.5218
2118,1,0,1,1,0.4434
2119,1,0,1,1,-0.224
2120,1,0,1,1,-0.4674
2121,1,0,1,1,0.8248
2122,1,0,1,1,-0.0046
2123,1,0,1,1,0.3188
2124,1,0,1,1,-0.6368
2125,1,0,1,1,2.4425
2126,1,0,1,1,-1.2995
2127,1,0,1,1,0.5746
2128,1,0,1,1,-0.8099
2129,1,0,1,1,-1.0579
2130,1,0,1,1,-0.9207
2131,1,0,1,1,0.5253
2132,1,0,1,1,0.5596
2133,1,0,1,1,0.3936
2134,1,0,1,1,-1.317
2135,1,0,1,1,-0.2167
2136,1,0,1,1,-0.3455
2137,1,0,1,1,-0.6497
2138,1,0,1,1,-0.8355
2139,1,0,1,1,-1.2618
2140,1,0,1,1,1.1229
2141,1,0,1,1,1.8956
2142,1,0,1,1,0.9877
2143,1,0,1,1,0.7324
2144,1,0,1,1,0.6516
2145,1,0,1,1,-1.8664
2146,1,0,1,1,-1.4343
2147,1,0,1,1,1.139
2148,1,0,1,1,-0.9021
2149,1,0,1,1,1.7676
2150,1,0,1,1,-0.1689
2151,1,0,1,1,0.0819
2152,1,0,1,1,-0.2361
2153,1,0,1,1,1.3981
2154,1,0,1,1,-0.0472
2155,1,0,1,1,-2.2222
2156,1,0,1,1,-0.8941
2157,1,0,1,1,-0.6365
2158,1,0,1,1,0.7789
2159,1,0,1,1,-0.0283
2160,1,0,1,1,-0.1732
2161,1,0,1,1,-0.2649
2162,1,0,1,1,2.0868
2163,1,0,1,1,0.8985
2164,1,0,1,1,-0.5648
2165,1,0,1,1,0.6927
2166,1,0,1,1,-1.9289
2167,1,0,1,1,-0.4318
2168,1,0,1,1,-1.163
2169,1,0,1,1,1.046
2170,1,0,1,1,-0.6453
2171,1,0,1,1,0.6256
2172,1,0,1,1,-0.3939
2173,1,0,1,1,-0.9833
2174,1,0,1,1,-1.2139
2175,1,0,1,1,0.6059
2176,1,0,1,1,0.2181
2177,1,0,1,1,0.533
2178,1,0,1,1,-1.1958
2179,1,0,1,1,0.6996
2180,1,0,1,1,0.1273
2181,1,0,1,1,0.3541
2182,1,0,1,1,0.4297
2183,1,0,1,1,-0.3644
2184,1,0,1,1,0.5912
2185,1,0,1,1,-0.1855
2186,1,0,1,1,0.6058
2187,1,0,1,1,-0.5309
2188,1,0,1,1,0.3171
2189,1,0,1,1,-2.4191
2190,1,0,1,1,0.5643
2191,1,0,1,1,1.3244
2192,1,0,1,1,0.67
2193,1,0,1,1,-0.7144
2194,1,0,1,1,1.1538
2195,1,0,1,1,-0.904
2196,1,0,1,1,0.0807
2197,1,0,1,1,0.9016
2198,1,0,1,1,1.3655
2199,1,0,1,1,0.0744
2200,1,0,1,1,0.9477
2201,1,0,2,0,0.1079
2202,1,0,2,0,-0.1314
2203,1,0,2,0,1.3378
2204,1,0,2,0,-1.6655
2205,1,0,2,0,-0.2365
2206,1,0,2,0,-0.2676
2207,1,0,2,0,0.3557
2208,1,0,2,0,-0.3015
2209,1,0,2,0,0.9025
2210,1,0,2,0,-0.1314
2211,1,0,2,0,1.9635
2212,1,0,2,0,-1.1848
2213,1,0,2,0,-1.00E-04
2214,1,0,2,0,0.0563
2215,1,0,2,0,-0.4699
2216,1,0,2,0,-1.6035
2217,1,0,2,0,-0.7957
2218,1,0,2,0,0.9327
2219,1,0,2,0,1.0403
2220,1,0,2,0,-0.7876
2221,1,0,2,0,1.0142
2222,1,0,2,0,-0.7349
2223,1,0,2,0,1.5896
2224,1,0,2,0,-0.1163
2225,1,0,2,0,-0.1661
2226,1,0,2,0,-0.021
2227,1,0,2,0,0.7237
2228,1,0,2,0,-0.1609
2229,1,0,2,0,1.1197
2230,1,0,2,0,2.203
2231,1,0,2,0,0.209
2232,1,0,2,0,1.2515
2233,1,0,2,0,-0.2766
2234,1,0,2,0,0.1824
2235,1,0,2,0,-1.3688
2236,1,0,2,0,-0.0129
2237,1,0,2,0,-0.2173
2238,1,0,2,0,0.6066
2239,1,0,2,0,1.2616
2240,1,0,2,0,0.9468
2241,1,0,2,0,1.1784
2242,1,0,2,0,1.0552
2243,1,0,2,0,-0.6245
2244,1,0,2,0,-0.2131
2245,1,0,2,0,-0.0844
2246,1,0,2,0,-0.2096
2247,1,0,2,0,1.9903
2248,1,0,2,0,0.3047
2249,1,0,2,0,-1.3292
2250,1,0,2,0,-0.7046
2251,1,0,2,0,-1.8546
2252,1,0,2,0,-2.6716
2253,1,0,2,0,-2.0374
2254,1,0,2,0,1.0577
2255,1,0,2,0,-0.1156
2256,1,0,2,0,-0.4578
2257,1,0,2,0,-0.0347
2258,1,0,2,0,1.7256
2259,1,0,2,0,-0.8796
2260,1,0,2,0,-0.4743
2261,1,0,2,0,0.9576
2262,1,0,2,0,-0.0549
2263,1,0,2,0,2.1755
2264,1,0,2,0,0.7059
2265,1,0,2,0,0.4424
2266,1,0,2,0,-1.6484
2267,1,0,2,0,-0.4332
2268,1,0,2,0,1.2465
2269,1,0,2,0,0.9595
2270,1,0,2,0,2.1098
2271,1,0,2,0,1.3071
2272,1,0,2,0,-1.5731
2273,1,0,2,0,0.9387
2274,1,0,2,0,0.7025
2275,1,0,2,0,0.6006
2276,1,0,2,0,1.6834
2277,1,0,2,0,1.3515
2278,1,0,2,0,1.4041
2279,1,0,2,0,-0.7536
2280,1,0,2,0,0.3066
2281,1,0,2,0,-0.1141
2282,1,0,2,0,-0.9314
2283,1,0,2,0,-1.808
2284,1,0,2,0,-0.3032
2285,1,0,2,0,2.0147
2286,1,0,2,0,-1.3348
2287,1,0,2,0,-0.4889
2288,1,0,2,0,1.7429
2289,1,0,2,0,-1.3105
2290,1,0,2,0,-2.0212
2291,1,0,2,0,-0.5913
2292,1,0,2,0,0.4442
2293,1,0,2,0,-1.1575
2294,1,0,2,0,-0.0092
2295,1,0,2,0,-0.5501
2296,1,0,2,0,0.6326
2297,1,0,2,0,1.0177
2298,1,0,2,0,-0.4987
2299,1,0,2,0,0.0379
2300,1,0,2,0,-1.2478
2301,1,0,2,1,-0.4581
2302,1,0,2,1,1.9336
2303,1,0,2,1,-0.115
2304,1,0,2,1,-0.7815
2305,1,0,2,1,-1.5241
2306,1,0,2,1,1.0198
2307,1,0,2,1,1.2559
2308,1,0,2,1,0.2452
2309,1,0,2,1,-1.3728
2310,1,0,2,1,0.6177
2311,1,0,2,1,1.2375
2312,1,0,2,1,-1.6771
2313,1,0,2,1,-0.2378
2314,1,0,2,1,1.0976
2315,1,0,2,1,0.2293
2316,1,0,2,1,0.8222
2317,1,0,2,1,0.545
2318,1,0,2,1,-0.3116
2319,1,0,2,1,0.641
2320,1,0,2,1,-1.4279
2321,1,0,2,1,-0.5753
2322,1,0,2,1,-0.0164
2323,1,0,2,1,-0.9485
2324,1,0,2,1,0.6791
2325,1,0,2,1,0.3018
2326,1,0,2,1,1.0322
2327,1,0,2,1,-1.2867
2328,1,0,2,1,-2.1837
2329,1,0,2,1,-1.1743
2330,1,0,2,1,0.9444
2331,1,0,2,1,0.8618
2332,1,0,2,1,-0.8568
2333,1,0,2,1,-0.9468
2334,1,0,2,1,-1.1431
2335,1,0,2,1,-0.8715
2336,1,0,2,1,-0.0819
2337,1,0,2,1,0.6786
2338,1,0,2,1,-1.1744
2339,1,0,2,1,-0.1211
2340,1,0,2,1,1.1867
2341,1,0,2,1,-0.4603
2342,1,0,2,1,-1.0863
2343,1,0,2,1,-0.5518
2344,1,0,2,1,0.1801
2345,1,0,2,1,1.4993
2346,1,0,2,1,-0.0223
2347,1,0,2,1,-0.2295
2348,1,0,2,1,-0.4092
2349,1,0,2,1,-0.7382
2350,1,0,2,1,-0.3123
2351,1,0,2,1,-1.9824
2352,1,0,2,1,-1.5538
2353,1,0,2,1,0.5245
2354,1,0,2,1,-0.3631
2355,1,0,2,1,-0.1913
2356,1,0,2,1,0.5187
2357,1,0,2,1,-1.1523
2358,1,0,2,1,-0.3506
2359,1,0,2,1,-1.9732
2360,1,0,2,1,-1.9072
2361,1,0,2,1,1.5925
2362,1,0,2,1,0.9528
2363,1,0,2,1,-0.6388
2364,1,0,2,1,0.7137
2365,1,0,2,1,0.8344
2366,1,0,2,1,-1.4985
2367,1,0,2,1,0.58
2368,1,0,2,1,0.1994
2369,1,0,2,1,-0.8058
2370,1,0,2,1,-1.2576
2371,1,0,2,1,-0.2659
2372,1,0,2,1,0.6817
2373,1,0,2,1,0.3257
2374,1,0,2,1,-0.5728
2375,1,0,2,1,0.6529
2376,1,0,2,1,1.1883
2377,1,0,2,1,-1.6281
2378,1,0,2,1,1.4728
2379,1,0,2,1,0.0311
2380,1,0,2,1,-0.4217
2381,1,0,2,1,-0.9522
2382,1,0,2,1,-0.4045
2383,1,0,2,1,-0.8959
2384,1,0,2,1,-0.494
2385,1,0,2,1,-0.411
2386,1,0,2,1,-0.4201
2387,1,0,2,1,-0.6719
2388,1,0,2,1,1.3026
2389,1,0,2,1,-0.5856
2390,1,0,2,1,-0.2272
2391,1,0,2,1,-0.2276
2392,1,0,2,1,0.0075
2393,1,0,2,1,0.1751
2394,1,0,2,1,-1.5989
2395,1,0,2,1,-1.379
2396,1,0,2,1,0.0241
2397,1,0,2,1,3.2871
2398,1,0,2,1,1.125
2399,1,0,2,1,-1.2089
2400,1,0,2,1,-0.0478
2401,1,1,0,0,-1.416
2402,1,1,0,0,1.3465
2403,1,1,0,0,0.6774
2404,1,1,0,0,0.4465
2405,1,1,0,0,0.4485
2406,1,1,0,0,1.5049
2407,1,1,0,0,1.0987
2408,1,1,0,0,0.4207
2409,1,1,0,0,0.0128
2410,1,1,0,0,0.1416
2411,1,1,0,0,0.4525
2412,1,1,0,0,1.2074
2413,1,1,0,0,-0.0062
2414,1,1,0,0,0.8823
2415,1,1,0,0,-1.0971
2416,1,1,0,0,0.3004
2417,1,1,0,0,-0.1335
2418,1,1,0,0,-0.5806
2419,1,1,0,0,-1.6882
2420,1,1,0,0,-0.4795
2421,1,1,0,0,1.8361
2422,1,1,0,0,-0.1505
2423,1,1,0,0,1.0341
2424,1,1,0,0,1.8875
2425,1,1,0,0,0.9341
2426,1,1,0,0,0.8617
2427,1,1,0,0,-0.6633
2428,1,1,0,0,-0.4341
2429,1,1,0,0,0.3893
2430,1,1,0,0,0.7234
2431,1,1,0,0,0.1073
2432,1,1,0,0,2.0424
2433,1,1,0,0,0.6769
2434,1,1,0,0,1.0623
2435,1,1,0,0,0.7674
2436,1,1,0,0,-0.0694
2437,1,1,0,0,-0.8937
2438,1,1,0,0,-0.894
2439,1,1,0,0,0.2307
2440,1,1,0,0,-2.1992
2441,1,1,0,0,0.6839
2442,1,1,0,0,-0.9289
2443,1,1,0,0,-1.0286
2444,1,1,0,0,-0.1136
2445,1,1,0,0,-0.9356
2446,1,1,0,0,-1.3905
2447,1,1,0,0,0.1252
2448,1,1,0,0,-1.9761
2449,1,1,0,0,-0.6566
2450,1,1,0,0,-0.2232
2451,1,1,0,0,-0.9775
2452,1,1,0,0,-1.3498
2453,1,1,0,0,0.1684
2454,1,1,0,0,1.3032
2455,1,1,0,0,-0.7555
2456,1,1,0,0,-1.0176
2457,1,1,0,0,0.9816
2458,1,1,0,0,-0.2069
2459,1,1,0,0,0.6235
2460,1,1,0,0,0.3698
2461,1,1,0,0,-0.7844
2462,1,1,0,0,-0.1575
2463,1,1,0,0,-1.3873
2464,1,1,0,0,0.4449
2465,1,1,0,0,-0.5089
2466,1,1,0,0,1.0716
2467,1,1,0,0,-1.2673
2468,1,1,0,0,-0.3267
2469,1,1,0,0,0.2148
2470,1,1,0,0,0.7329
2471,1,1,0,0,0.6868
2472,1,1,0,0,-0.7617
2473,1,1,0,0,0.2498
2474,1,1,0,0,-1.2717
2475,1,1,0,0,1.0941
2476,1,1,0,0,0.8072
2477,1,1,0,0,0.1292
2478,1,1,0,0,-1.91
2479,1,1,0,0,0.0686
2480,1,1,0,0,-1.4093
2481,1,1,0,0,-0.5911
2482,1,1,0,0,-2.7781
2483,1,1,0,0,0.4803
2484,1,1,0,0,-0.1647
2485,1,1,0,0,-0.6078
2486,1,1,0,0,-0.3426
2487,1,1,0,0,-0.7486
2488,1,1,0,0,-1.3563
2489,1,1,0,0,-0.3846
2490,1,1,0,0,1.0253
2491,1,1,0,0,-2.0074
2492,1,1,0,0,0.0125
2493,1,1,0,0,0.6221
2494,1,1,0,0,0.5584
2495,1,1,0,0,-0.4935
2496,1,1,0,0,0.7583
2497,1,1,0,0,-0.5385
2498,1,1,0,0,-0.135
2499,1,1,0,0,1.9389
2500,1,1,0,0,-1.4226
2501,1,1,0,1,-0.1268
2502,1,1,0,1,0.9599
2503,1,1,0,1,-0.414
2504,1,1,0,1,-1.0886
2505,1,1,0,1,-1.1106
2506,1,1,0,1,-2.5728
2507,1,1,0,1,-0.8071
2508,1,1,0,1,0.1917
2509,1,1,0,1,-1.2281
2510,1,1,0,1,0.8554
2511,1,1,0,1,-0.2522
2512,1,1,0,1,0.3283
2513,1,1,0,1,-0.362
2514,1,1,0,1,-0.5375
2515,1,1,0,1,-0.3975
2516,1,1,0,1,1.445
2517,1,1,0,1,-1.2643
2518,1,1,0,1,-1.1342
2519,1,1,0,1,0.2991
2520,1,1,0,1,1.5619
2521,1,1,0,1,-0.381
2522,1,1,0,1,0.5799
2523,1,1,0,1,-0.4397
2524,1,1,0,1,-0.1367
2525,1,1,0,1,0.9707
2526,1,1,0,1,0.2278
2527,1,1,0,1,-0.1062
2528,1,1,0,1,0.618
2529,1,1,0,1,0.4483
2530,1,1,0,1,2.199
2531,1,1,0,1,1.292
2532,1,1,0,1,1.0901
2533,1,1,0,1,0.519
2534,1,1,0,1,1.4969
2535,1,1,0,1,-0.1709
2536,1,1,0,1,0.0619
2537,1,1,0,1,0.0734
2538,1,1,0,1,0.0779
2539,1,1,0,1,-0.0183
2540,1,1,0,1,1.2751
2541,1,1,0,1,0.515
2542,1,1,0,1,-0.6387
2543,1,1,0,1,-1.6161
2544,1,1,0,1,0.6141
2545,1,1,0,1,-2.3937
2546,1,1,0,1,0.6619
2547,1,1,0,1,0.7886
2548,1,1,0,1,0.1382
2549,1,1,0,1,1.5077
2550,1,1,0,1,-1.8673
2551,1,1,0,1,-0.6881
2552,1,1,0,1,-0.2415
2553,1,1,0,1,-0.5002
2554,1,1,0,1,-0.6105
2555,1,1,0,1,-1.8756
2556,1,1,0,1,0.3272
2557,1,1,0,1,0.5277
2558,1,1,0,1,0.4203
2559,1,1,0,1,0.5103
2560,1,1,0,1,-0.6397
2561,1,1,0,1,1.0478
2562,1,1,0,1,-0.0097
2563,1,1,0,1,0.9731
2564,1,1,0,1,-0.6337
2565,1,1,0,1,-2.5816
2566,1,1,0,1,0.3966
2567,1,1,0,1,-0.4274
2568,1,1,0,1,1.1163
2569,1,1,0,1,-0.1523
2570,1,1,0,1,0.0037
2571,1,1,0,1,2.6481
2572,1,1,0,1,-1.1992
2573,1,1,0,1,0.6044
2574,1,1,0,1,-0.3194
2575,1,1,0,1,0.1188
2576,1,1,0,1,-0.0449
2577,1,1,0,1,1.2436
2578,1,1,0,1,-0.1039
2579,1,1,0,1,0.6053
2580,1,1,0,1,1.1493
2581,1,1,0,1,-1.0191
2582,1,1,0,1,-0.3218
2583,1,1,0,1,-2.5975
2584,1,1,0,1,2.1346
2585,1,1,0,1,0.1938
2586,1,1,0,1,0.6142
2587,1,1,0,1,0.3154
2588,1,1,0,1,-0.3269
2589,1,1,0,1,-0.3489
2590,1,1,0,1,-0.2164
2591,1,1,0,1,-0.0203
2592,1,1,0,1,0.0755
2593,1,1,0,1,-1.1806
2594,1,1,0,1,0.2869
2595,1,1,0,1,1.5443
2596,1,1,0,1,0.4991
2597,1,1,0,1,-0.2872
2598,1,1,0,1,0.2868
2599,1,1,0,1,0.7637
2600,1,1,0,1,-0.6151
2601,1,1,1,0,-2.8817
2602,1,1,1,0,0.8361
2603,1,1,1,0,0.2845
2604,1,1,1,0,-0.2682
2605,1,1,1,0,0.5072
2606,1,1,1,0,1.2424
2607,1,1,1,0,-0.327
2608,1,1,1,0,0.157
2609,1,1,1,0,-0.3427
2610,1,1,1,0,0.9081
2611,1,1,1,0,0.7657
2612,1,1,1,0,0.6344
2613,1,1,1,0,-1.4094
2614,1,1,1,0,0.5088
2615,1,1,1,0,-1.1474
2616,1,1,1,0,2.0499
2617,1,1,1,0,0.4964
2618,1,1,1,0,1.3245
2619,1,1,1,0,0.1658
2620,1,1,1,0,0.4763
2621,1,1,1,0,1.2659
2622,1,1,1,0,0.3221
2623,1,1,1,0,1.2369
2624,1,1,1,0,0.5349
2625,1,1,1,0,0.2154
2626,1,1,1,0,-2.202
2627,1,1,1,0,0.9666
2628,1,1,1,0,0.3524
2629,1,1,1,0,-1.2885
2630,1,1,1,0,0.1948
2631,1,1,1,0,2.1331
2632,1,1,1,0,1.2518
2633,1,1,1,0,0.3803
2634,1,1,1,0,-0.9652
2635,1,1,1,0,-0.2549
2636,1,1,1,0,-0.5377
2637,1,1,1,0,1.6366
2638,1,1,1,0,-0.2691
2639,1,1,1,0,1.7859
2640,1,1,1,0,0.1833
2641,1,1,1,0,-0.5554
2642,1,1,1,0,-0.6144
2643,1,1,1,0,0.2997
2644,1,1,1,0,0.7901
2645,1,1,1,0,0.0012
2646,1,1,1,0,0.23
2647,1,1,1,0,-0.7583
2648,1,1,1,0,-0.0508
2649,1,1,1,0,-1.2134
2650,1,1,1,0,0.4425
2651,1,1,1,0,1.0645
2652,1,1,1,0,-0.7453
2653,1,1,1,0,-0.2312
2654,1,1,1,0,0.0291
2655,1,1,1,0,0.1238
2656,1,1,1,0,0.9951
2657,1,1,1,0,-1.0113
2658,1,1,1,0,1.1954
2659,1,1,1,0,-0.5096
2660,1,1,1,0,-1.4342
2661,1,1,1,0,1.2219
2662,1,1,1,0,-0.0662
2663,1,1,1,0,0.6416
2664,1,1,1,0,-0.8895
2665,1,1,1,0,0.7196
2666,1,1,1,0,-0.1559
2667,1,1,1,0,-1.0478
2668,1,1,1,0,-0.2434
2669,1,1,1,0,-0.222
2670,1,1,1,0,-1.4874
2671,1,1,1,0,0.1879
2672,1,1,1,0,-0.5526
2673,1,1,1,0,0.1444
2674,1,1,1,0,1.9968
2675,1,1,1,0,-1.7412
2676,1,1,1,0,0.8144
2677,1,1,1,0,-0.1699
2678,1,1,1,0,-1.0787
2679,1,1,1,0,1.1612
2680,1,1,1,0,-1.1832
2681,1,1,1,0,-0.9828
2682,1,1,1,0,0.4846
2683,1,1,1,0,-0.2006
2684,1,1,1,0,1.8867
2685,1,1,1,0,-0.2145
2686,1,1,1,0,0.5903
2687,1,1,1,0,0.0641
2688,1,1,1,0,0.0735
2689,1,1,1,0,-0.9061
2690,1,1,1,0,-1.5661
2691,1,1,1,0,-0.618
2692,1,1,1,0,0.7147
2693,1,1,1,0,-0.3524
2694,1,1,1,0,1.6267
2695,1,1,1,0,0.4796
2696,1,1,1,0,0.7114
2697,1,1,1,0,0.583
2698,1,1,1,0,-1.782
2699,1,1,1,0,-1.9622
2700,1,1,1,0,-0.5542
2701,1,1,1,1,-0.3039
2702,1,1,1,1,0.0242
2703,1,1,1,1,0.7441
2704,1,1,1,1,0.7941
2705,1,1,1,1,-2.2917
2706,1,1,1,1,0.2869
2707,1,1,1,1,0.2546
2708,1,1,1,1,-1.5649
2709,1,1,1,1,0.3796
2710,1,1,1,1,-0.0182
2711,1,1,1,1,-1.7619
2712,1,1,1,1,0.476
2713,1,1,1,1,-0.0018
2714,1,1,1,1,0.6514
2715,1,1,1,1,0.7814
2716,1,1,1,1,0.3794
2717,1,1,1,1,1.175
2718,1,1,1,1,0.584
2719,1,1,1,1,-0.2134
2720,1,1,1,1,-0.3447
2721,1,1,1,1,-1.2325
2722,1,1,1,1,-1.7787
2723,1,1,1,1,0.701
2724,1,1,1,1,0.2206
2725,1,1,1,1,-0.5926
2726,1,1,1,1,1.4724
2727,1,1,1,1,0.6046
2728,1,1,1,1,-0.6874
2729,1,1,1,1,0.8146
2730,1,1,1,1,0.5568
2731,1,1,1,1,-1.2206
2732,1,1,1,1,-0.7983
2733,1,1,1,1,-0.2071
2734,1,1,1,1,-1.8309
2735,1,1,1,1,-1.562
2736,1,1,1,1,-1.2753
2737,1,1,1,1,1.4334
2738,1,1,1,1,-1.5017
2739,1,1,1,1,-0.619
2740,1,1,1,1,0.6513
2741,1,1,1,1,-1.6287
2742,1,1,1,1,1.5115
2743,1,1,1,1,1.1804
2744,1,1,1,1,1.4934
2745,1,1,1,1,1.3717
2746,1,1,1,1,-0.1178
2747,1,1,1,1,-0.3547
2748,1,1,1,1,1.3235
2749,1,1,1,1,0.3918
2750,1,1,1,1,-1.7235
2751,1,1,1,1,0.0667
2752,1,1,1,1,-0.0304
2753,1,1,1,1,-0.3214
2754,1,1,1,1,-0.7663
2755,1,1,1,1,-0.1463
2756,1,1,1,1,0.9318
2757,1,1,1,1,0.7932
2758,1,1,1,1,0.7041
2759,1,1,1,1,-1.1829
2760,1,1,1,1,0.7865
2761,1,1,1,1,-1.347
2762,1,1,1,1,0.7446
2763,1,1,1,1,-0.6718
2764,1,1,1,1,1.9438
2765,1,1,1,1,-0.7114
2766,1,1,1,1,0.001
2767,1,1,1,1,-0.435
2768,1,1,1,1,-1.432
2769,1,1,1,1,0.2178
2770,1,1,1,1,0.7015
2771,1,1,1,1,0.2879
2772,1,1,1,1,0.6221
2773,1,1,1,1,-0.6426
2774,1,1,1,1,0.3323
2775,1,1,1,1,0.1565
2776,1,1,1,1,-1.5849
2777,1,1,1,1,0.3765
2778,1,1,1,1,0.4996
2779,1,1,1,1,-0.6239
2780,1,1,1,1,0.2965
2781,1,1,1,1,-1.3675
2782,1,1,1,1,-0.0705
2783,1,1,1,1,-0.1322
2784,1,1,1,1,-0.574
2785,1,1,1,1,1.7842
2786,1,1,1,1,2.8181
2787,1,1,1,1,0.1865
2788,1,1,1,1,-0.8451
2789,1,1,1,1,2.0007
2790,1,1,1,1,1.5377
2791,1,1,1,1,0.3249
2792,1,1,1,1,1.4694
2793,1,1,1,1,-1.4287
2794,1,1,1,1,-0.2869
2795,1,1,1,1,-0.15
2796,1,1,1,1,1.5078
2797,1,1,1,1,-0.09
2798,1,1,1,1,-1.191
2799,1,1,1,1,0.5946
2800,1,1,1,1,-0.8704
2801,1,1,2,0,0.6074
2802,1,1,2,0,0.1258
2803,1,1,2,0,-1.1811
2804,1,1,2,0,-0.5277
2805,1,1,2,0,-0.6221
2806,1,1,2,0,-1.7699
2807,1,1,2,0,-0.6928
2808,1,1,2,0,0.1211
2809,1,1,2,0,0.0502
2810,1,1,2,0,-1.3089
2811,1,1,2,0,-0.194
2812,1,1,2,0,0.434
2813,1,1,2,0,0.8535
2814,1,1,2,0,0.3489
2815,1,1,2,0,-1.146
2816,1,1,2,0,-0.3326
2817,1,1,2,0,0.4346
2818,1,1,2,0,-0.511
2819,1,1,2,0,0.5355
2820,1,1,2,0,0.8462
2821,1,1,2,0,1.9934
2822,1,1,2,0,0.0945
2823,1,1,2,0,0.994
2824,1,1,2,0,0.5346
2825,1,1,2,0,-0.224
2826,1,1,2,0,1.0826
2827,1,1,2,0,0.2472
2828,1,1,2,0,-0.2566
2829,1,1,2,0,0.1665
2830,1,1,2,0,1.1307
2831,1,1,2,0,-0.6076
2832,1,1,2,0,0.1374
2833,1,1,2,0,-0.4013
2834,1,1,2,0,1.3987
2835,1,1,2,0,-1.5935
2836,1,1,2,0,-2.947
2837,1,1,2,0,-0.4598
2838,1,1,2,0,0.2013
2839,1,1,2,0,0.4973
2840,1,1,2,0,0.9822
2841,1,1,2,0,-1.6061
2842,1,1,2,0,1.1265
2843,1,1,2,0,1.7328
2844,1,1,2,0,0.712
2845,1,1,2,0,0.4804
2846,1,1,2,0,-0.4302
2847,1,1,2,0,0.9613
2848,1,1,2,0,0.2238
2849,1,1,2,0,-0.6661
2850,1,1,2,0,0.2694
2851,1,1,2,0,-0.2706
2852,1,1,2,0,1.3761
2853,1,1,2,0,0.2869
2854,1,1,2,0,0.1798
2855,1,1,2,0,0.2307
2856,1,1,2,0,1.8666
2857,1,1,2,0,0.3577
2858,1,1,2,0,0.1513
2859,1,1,2,0,-0.2464
2860,1,1,2,0,2.5236
2861,1,1,2,0,-0.9264
2862,1,1,2,0,-0.5932
2863,1,1,2,0,-0.1998
2864,1,1,2,0,0.0209
2865,1,1,2,0,-0.0718
2866,1,1,2,0,-0.0894
2867,1,1,2,0,0.038
2868,1,1,2,0,-1.6321
2869,1,1,2,0,-1.6016
2870,1,1,2,0,3.7772
2871,1,1,2,0,0.4534
2872,1,1,2,0,1.0676
2873,1,1,2,0,-0.1402
2874,1,1,2,0,-1.2914
2875,1,1,2,0,1.367
2876,1,1,2,0,-0.3325
2877,1,1,2,0,-0.1463
2878,1,1,2,0,0.6538
2879,1,1,2,0,0.993
2880,1,1,2,0,-1.1363
2881,1,1,2,0,0.6696
2882,1,1,2,0,-1.5497
2883,1,1,2,0,-0.7905
2884,1,1,2,0,-1.6439
2885,1,1,2,0,0.3018
2886,1,1,2,0,-2.0655
2887,1,1,2,0,-1.2121
2888,1,1,2,0,1.3319
2889,1,1,2,0,1.3107
2890,1,1,2,0,0.8002
2891,1,1,2,0,-0.6897
2892,1,1,2,0,-0.0912
2893,1,1,2,0,0.1045
2894,1,1,2,0,0.8351
2895,1,1,2,0,-0.4191
2896,1,1,2,0,-0.8
2897,1,1,2,0,0.0099
2898,1,1,2,0,-0.1089
2899,1,1,2,0,1.0002
2900,1,1,2,0,-0.5745
2901,1,1,2,1,-0.2325
2902,1,1,2,1,0.2732
2903,1,1,2,1,0.3856
2904,1,1,2,1,0.1501
2905,1,1,2,1,-1.1142
2906,1,1,2,1,0.2428
2907,1,1,2,1,-0.2981
2908,1,1,2,1,-0.4107
2909,1,1,2,1,-0.2447
2910,1,1,2,1,0.4909
2911,1,1,2,1,0.6471
2912,1,1,2,1,-1.6235
2913,1,1,2,1,0.3828
2914,1,1,2,1,-1.8521
2915,1,1,2,1,0.2649
2916,1,1,2,1,0.7503
2917,1,1,2,1,0.6481
2918,1,1,2,1,1.8227
2919,1,1,2,1,-0.3485
2920,1,1,2,1,-1.3196
2921,1,1,2,1,-0.3377
2922,1,1,2,1,-0.4361
2923,1,1,2,1,-1.3177
2924,1,1,2,1,-0.6126
2925,1,1,2,1,-0.1581
2926,1,1,2,1,-0.9691
2927,1,1,2,1,-1.8502
2928,1,1,2,1,-0.3884
2929,1,1,2,1,0.2042
2930,1,1,2,1,0.3124
2931,1,1,2,1,1.7353
2932,1,1,2,1,0.0993
2933,1,1,2,1,-1.804
2934,1,1,2,1,1.9705
2935,1,1,2,1,0.1095
2936,1,1,2,1,-0.4206
2937,1,1,2,1,0.49
2938,1,1,2,1,-0.6093
2939,1,1,2,1,-0.1383
2940,1,1,2,1,-1.8547
2941,1,1,2,1,-0.0178
2942,1,1,2,1,-1.0011
2943,1,1,2,1,1.496
2944,1,1,2,1,-1.5102
2945,1,1,2,1,-0.2277
2946,1,1,2,1,-0.664
2947,1,1,2,1,0.2311
2948,1,1,2,1,1.74
2949,1,1,2,1,0.6084
2950,1,1,2,1,0.9416
2951,1,1,2,1,-0.7725
2952,1,1,2,1,0.6883
2953,1,1,2,1,1.117
2954,1,1,2,1,0.4021
2955,1,1,2,1,-0.4602
2956,1,1,2,1,-0.1792
2957,1,1,2,1,-0.6597
2958,1,1,2,1,-1.7201
2959,1,1,2,1,0.2187
2960,1,1,2,1,0.225
2961,1,1,2,1,0.9155
2962,1,1,2,1,1.0381
2963,1,1,2,1,0.0557
2964,1,1,2,1,0.2419
2965,1,1,2,1,-0.4239
2966,1,1,2,1,-1.2423
2967,1,1,2,1,-0.038
2968,1,1,2,1,-1.5829
2969,1,1,2,1,-1.7877
2970,1,1,2,1,-2.2575
2971,1,1,2,1,0.0851
2972,1,1,2,1,0.2195
2973,1,1,2,1,0.5564
2974,1,1,2,1,0.2831
2975,1,1,2,1,-0.647
2976,1,1,2,1,0.6313
2977,1,1,2,1,-1.3905
2978,1,1,2,1,-1.0478
2979,1,1,2,1,0.1284
2980,1,1,2,1,-0.4771
2981,1,1,2,1,0.451
2982,1,1,2,1,1.604
2983,1,1,2,1,0.2624
2984,1,1,2,1,0.6748
2985,1,1,2,1,-0.0051
2986,1,1,2,1,0.3449
2987,1,1,2,1,-1.4246
2988,1,1,2,1,-0.353
2989,1,1,2,1,-1.2011
2990,1,1,2,1,-0.3423
2991,1,1,2,1,-0.3864
2992,1,1,2,1,1.8765
2993,1,1,2,1,0.6909
2994,1,1,2,1,-0.1331
2995,1,1,2,1,-1.422
2996,1,1,2,1,0.2885
2997,1,1,2,1,-0.0432
2998,1,1,2,1,-0.0074
2999,1,1,2,1,-0.5099
3000,1,1,2,1,-1.5787
3001,1,2,0,0,0.1381
3002,1,2,0,0,0.4739
3003,1,2,0,0,-0.3672
3004,1,2,0,0,0.575
3005,1,2,0,0,0.2868
3006,1,2,0,0,-0.8262
3007,1,2,0,0,0.7706
3008,1,2,0,0,1.5362
3009,1,2,0,0,-0.6264
3010,1,2,0,0,0.0637
3011,1,2,0,0,-0.2106
3012,1,2,0,0,-2.427
3013,1,2,0,0,0.1436
3014,1,2,0,0,0.6707
3015,1,2,0,0,0.2629
3016,1,2,0,0,0.5216
3017,1,2,0,0,0.4304
3018,1,2,0,0,-0.0709
3019,1,2,0,0,-0.6375
3020,1,2,0,0,-0.0763
3021,1,2,0,0,-0.6501
3022,1,2,0,0,-1.128
3023,1,2,0,0,3.2136
3024,1,2,0,0,0.4576
3025,1,2,0,0,0.7459
3026,1,2,0,0,0.6167
3027,1,2,0,0,0.357
3028,1,2,0,0,1.2104
3029,1,2,0,0,-0.6194
3030,1,2,0,0,-0.2391
3031,1,2,0,0,-0.4517
3032,1,2,0,0,-0.2131
3033,1,2,0,0,-0.0151
3034,1,2,0,0,-0.1287
3035,1,2,0,0,-1.4121
3036,1,2,0,0,-0.1123
3037,1,2,0,0,-0.5387
3038,1,2,0,0,-1.1384
3039,1,2,0,0,0.5209
3040,1,2,0,0,-0.5963
3041,1,2,0,0,0.5083
3042,1,2,0,0,-0.5473
3043,1,2,0,0,1.183
3044,1,2,0,0,-0.8178
3045,1,2,0,0,0.9199
3046,1,2,0,0,0.3544
3047,1,2,0,0,-0.6981
3048,1,2,0,0,-0.6378
3049,1,2,0,0,-0.4523
3050,1,2,0,0,0.5341
3051,1,2,0,0,-1.4739
3052,1,2,0,0,-1.1663
3053,1,2,0,0,-0.9121
3054,1,2,0,0,-1.0063
3055,1,2,0,0,-0.9452
3056,1,2,0,0,-1.5338
3057,1,2,0,0,0.069
3058,1,2,0,0,-1.7265
3059,1,2,0,0,0.9054
3060,1,2,0,0,-0.4913
3061,1,2,0,0,0.0272
3062,1,2,0,0,0.0456
3063,1,2,0,0,-0.7755
3064,1,2,0,0,-0.796
3065,1,2,0,0,0.0252
3066,1,2,0,0,-0.9065
3067,1,2,0,0,-0.7679
3068,1,2,0,0,0.5755
3069,1,2,0,0,0.0148
3070,1,2,0,0,1.109
3071,1,2,0,0,1.4111
3072,1,2,0,0,0.6947
3073,1,2,0,0,-1.2445
3074,1,2,0,0,-0.6347
3075,1,2,0,0,0.0727
3076,1,2,0,0,0.806
3077,1,2,0,0,0.1556
3078,1,2,0,0,-0.9728
3079,1,2,0,0,-0.9824
3080,1,2,0,0,0.1344
3081,1,2,0,0,2.0174
3082,1,2,0,0,-0.0916
3083,1,2,0,0,-0.3981
3084,1,2,0,0,-1.4226
3085,1,2,0,0,0.9959
3086,1,2,0,0,0.7127
3087,1,2,0,0,0.5582
3088,1,2,0,0,-0.0148
3089,1,2,0,0,-0.1445
3090,1,2,0,0,0.2598
3091,1,2,0,0,-0.7167
3092,1,2,0,0,0.0232
3093,1,2,0,0,1.1577
3094,1,2,0,0,-1.8822
3095,1,2,0,0,0.2146
3096,1,2,0,0,0.605
3097,1,2,0,0,0.1835
3098,1,2,0,0,0.8313
3099,1,2,0,0,-0.8125
3100,1,2,0,0,0.1244
3101,1,2,0,1,-2.322
3102,1,2,0,1,-1.8709
3103,1,2,0,1,-0.3548
3104,1,2,0,1,-0.207
3105,1,2,0,1,-1.7661
3106,1,2,0,1,1.2575
3107,1,2,0,1,-0.8791
3108,1,2,0,1,0.7749
3109,1,2,0,1,-0.2218
3110,1,2,0,1,1.0221
3111,1,2,0,1,-0.6154
3112,1,2,0,1,0.2227
3113,1,2,0,1,-0.1782
3114,1,2,0,1,1.1903
3115,1,2,0,1,-0.4368
3116,1,2,0,1,0.8844
3117,1,2,0,1,-0.082
3118,1,2,0,1,-0.3179
3119,1,2,0,1,1.5455
3120,1,2,0,1,-1.6742
3121,1,2,0,1,0.3072
3122,1,2,0,1,-0.8257
3123,1,2,0,1,-0.0669
3124,1,2,0,1,-0.8886
3125,1,2,0,1,1.2813
3126,1,2,0,1,2.0026
3127,1,2,0,1,0.2348
3128,1,2,0,1,0.2935
3129,1,2,0,1,0.373
3130,1,2,0,1,-1.3893
3131,1,2,0,1,0.6075
3132,1,2,0,1,0.8192
3133,1,2,0,1,0.4523
3134,1,2,0,1,0.1832
3135,1,2,0,1,-0.5663
3136,1,2,0,1,0.538
3137,1,2,0,1,1.1575
3138,1,2,0,1,-0.3686
3139,1,2,0,1,1.2932
3140,1,2,0,1,-0.2687
3141,1,2,0,1,2.0365
3142,1,2,0,1,0.3342
3143,1,2,0,1,-0.0549
3144,1,2,0,1,-1.9921
3145,1,2,0,1,1.3797
3146,1,2,0,1,-0.7914
3147,1,2,0,1,1.3636
3148,1,2,0,1,0.6924
3149,1,2,0,1,0.0448
3150,1,2,0,1,0.8129
3151,1,2,0,1,0.6456
3152,1,2,0,1,-1.0747
3153,1,2,0,1,1.0058
3154,1,2,0,1,-0.1258
3155,1,2,0,1,-1.6889
3156,1,2,0,1,0.9725
3157,1,2,0,1,-0.0578
3158,1,2,0,1,0.2625
3159,1,2,0,1,0.483
3160,1,2,0,1,-1.4144
3161,1,2,0,1,0.1376
3162,1,2,0,1,-1.4661
3163,1,2,0,1,-1.5198
3164,1,2,0,1,-1.0751
3165,1,2,0,1,1.7082
3166,1,2,0,1,-0.9306
3167,1,2,0,1,0.5042
3168,1,2,0,1,-0.2021
3169,1,2,0,1,0.4844
3170,1,2,0,1,-0.3818
3171,1,2,0,1,-0.4518
3172,1,2,0,1,0.6218
3173,1,2,0,1,-1.7913
3174,1,2,0,1,0.5375
3175,1,2,0,1,-0.9087
3176,1,2,0,1,0.1818
3177,1,2,0,1,1.0029
3178,1,2,0,1,-1.1457
3179,1,2,0,1,1.8564
3180,1,2,0,1,-0.3097
3181,1,2,0,1,-0.3785
3182,1,2,0,1,-0.9303
3183,1,2,0,1,0.8788
3184,1,2,0,1,-1.6892
3185,1,2,0,1,0.366
3186,1,2,0,1,-1.1918
3187,1,2,0,1,0.4962
3188,1,2,0,1,0.671
3189,1,2,0,1,-0.1338
3190,1,2,0,1,-0.4607
3191,1,2,0,1,-0.639
3192,1,2,0,1,0.7689
3193,1,2,0,1,1.2909
3194,1,2,0,1,-1.8154
3195,1,2,0,1,0.3649
3196,1,2,0,1,-1.0669
3197,1,2,0,1,-1.176
3198,1,2,0,1,2.1686
3199,1,2,0,1,0.164
3200,1,2,0,1,0.1796
3201,1,2,1,0,-0.8111
3202,1,2,1,0,-0.797
3203,1,2,1,0,-0.6459
3204,1,2,1,0,1.0108
3205,1,2,1,0,1.7726
3206,1,2,1,0,-1.2045
3207,1,2,1,0,0.0875
3208,1,2,1,0,-0.774
3209,1,2,1,0,-1.2432
3210,1,2,1,0,0.2786
3211,1,2,1,0,-0.3052
3212,1,2,1,0,2.2629
3213,1,2,1,0,-0.4306
3214,1,2,1,0,-0.4638
3215,1,2,1,0,-0.5057
3216,1,2,1,0,0.9478
3217,1,2,1,0,-0.1577
3218,1,2,1,0,-1.5706
3219,1,2,1,0,1.6046
3220,1,2,1,0,-1.0575
3221,1,2,1,0,0.2117
3222,1,2,1,0,-1.0353
3223,1,2,1,0,-0.8495
3224,1,2,1,0,0.5779
3225,1,2,1,0,0.1521
3226,1,2,1,0,-0.7297
3227,1,2,1,0,-0.2457
3228,1,2,1,0,-0.2528
3229,1,2,1,0,-0.747
3230,1,2,1,0,-0.3092
3231,1,2,1,0,0.764
3232,1,2,1,0,0.8858
3233,1,2,1,0,-0.3873
3234,1,2,1,0,1.1018
3235,1,2,1,0,1.1384
3236,1,2,1,0,-0.3166
3237,1,2,1,0,2.0479
3238,1,2,1,0,1.6583
3239,1,2,1,0,-2.4635
3240,1,2,1,0,1.6691
3241,1,2,1,0,-1.9251
3242,1,2,1,0,1.0121
3243,1,2,1,0,0.5567
3244,1,2,1,0,-0.4989
3245,1,2,1,0,0.1249
3246,1,2,1,0,1.0274
3247,1,2,1,0,0.7286
3248,1,2,1,0,-1.5966
3249,1,2,1,0,-0.0264
3250,1,2,1,0,0.2521
3251,1,2,1,0,0.8832
3252,1,2,1,0,-0.7607
3253,1,2,1,0,0.2101
3254,1,2,1,0,1.1282
3255,1,2,1,0,-0.2613
3256,1,2,1,0,1.3469
3257,1,2,1,0,-0.4527
3258,1,2,1,0,1.6899
3259,1,2,1,0,-1.0783
3260,1,2,1,0,-0.2755
3261,1,2,1,0,-0.9012
3262,1,2,1,0,-0.6438
3263,1,2,1,0,-1.03
3264,1,2,1,0,0.7165
3265,1,2,1,0,-0.6954
3266,1,2,1,0,-0.3907
3267,1,2,1,0,1.0318
3268,1,2,1,0,-1.0831
3269,1,2,1,0,0.4255
3270,1,2,1,0,1.1408
3271,1,2,1,0,-0.9235
3272,1,2,1,0,2.341
3273,1,2,1,0,0.4528
3274,1,2,1,0,-0.261
3275,1,2,1,0,-1.5821
3276,1,2,1,0,0.5767
3277,1,2,1,0,-0.1473
3278,1,2,1,0,0.7433
3279,1,2,1,0,0.2318
3280,1,2,1,0,-1.4918
3281,1,2,1,0,0.9195
3282,1,2,1,0,1.1655
3283,1,2,1,0,0.4234
3284,1,2,1,0,1.2451
3285,1,2,1,0,0.1573
3286,1,2,1,0,1.4374
3287,1,2,1,0,0.3892
3288,1,2,1,0,1.7081
3289,1,2,1,0,1.7157
3290,1,2,1,0,0.8446
3291,1,2,1,0,0.0107
3292,1,2,1,0,-1.4613
3293,1,2,1,0,-0.3517
3294,1,2,1,0,-1.3664
3295,1,2,1,0,-0.5302
3296,1,2,1,0,1.6766
3297,1,2,1,0,0.1507
3298,1,2,1,0,-0.2493
3299,1,2,1,0,-0.0398
3300,1,2,1,0,-1.2593
3301,1,2,1,1,0.3559
3302,1,2,1,1,0.007
3303,1,2,1,1,-0.1114
3304,1,2,1,1,-1.3736
3305,1,2,1,1,-1.0699
3306,1,2,1,1,1.1323
3307,1,2,1,1,-0.1188
3308,1,2,1,1,-0.7493
3309,1,2,1,1,1.0711
3310,1,2,1,1,0.2306
3311,1,2,1,1,1.9821
3312,1,2,1,1,-0.6615
3313,1,2,1,1,-1.1759
3314,1,2,1,1,1.3874
3315,1,2,1,1,-2.061
3316,1,2,1,1,-0.4637
3317,1,2,1,1,0.3246
3318,1,2,1,1,1.6454
3319,1,2,1,1,2.2577
3320,1,2,1,1,-0.4562
3321,1,2,1,1,-0.1468
3322,1,2,1,1,0.415
3323,1,2,1,1,0.3045
3324,1,2,1,1,0.4371
3325,1,2,1,1,-1.7368
3326,1,2,1,1,0.0825
3327,1,2,1,1,0.7403
3328,1,2,1,1,2.2076
3329,1,2,1,1,0.3598
3330,1,2,1,1,-1.5697
3331,1,2,1,1,0.4686
3332,1,2,1,1,0.2723
3333,1,2,1,1,-0.6428
3334,1,2,1,1,0.0564
3335,1,2,1,1,-1.4714
3336,1,2,1,1,-2.2285
3337,1,2,1,1,-1.1858
3338,1,2,1,1,-0.4151
3339,1,2,1,1,1.6852
3340,1,2,1,1,-0.2851
3341,1,2,1,1,0.8973
3342,1,2,1,1,-1.2579
3343,1,2,1,1,-1.545
3344,1,2,1,1,2.5073
3345,1,2,1,1,0.1681
3346,1,2,1,1,1.1965
3347,1,2,1,1,1.6709
3348,1,2,1,1,-0.8807
3349,1,2,1,1,-1.1535
3350,1,2,1,1,1.1536
3351,1,2,1,1,0.1064
3352,1,2,1,1,-0.9155
3353,1,2,1,1,-0.4909
3354,1,2,1,1,0.8514
3355,1,2,1,1,1.0065
3356,1,2,1,1,-0.1347
3357,1,2,1,1,0.3716
3358,1,2,1,1,-0.0895
3359,1,2,1,1,0.7064
3360,1,2,1,1,-0.1598
3361,1,2,1,1,0.6461
3362,1,2,1,1,0.7061
3363,1,2,1,1,-0.8768
3364,1,2,1,1,-1.1029
3365,1,2,1,1,1.425
3366,1,2,1,1,0.8308
3367,1,2,1,1,-0.7511
3368,1,2,1,1,0.032
3369,1,2,1,1,2.6737
3370,1,2,1,1,-0.9254
3371,1,2,1,1,0.7194
3372,1,2,1,1,-0.524
3373,1,2,1,1,-0.7824
3374,1,2,1,1,0.7694
3375,1,2,1,1,-0.4136
3376,1,2,1,1,-0.0757
3377,1,2,1,1,0.6428
3378,1,2,1,1,0.1247
3379,1,2,1,1,0.6826
3380,1,2,1,1,-0.6503
3381,1,2,1,1,2.0374
3382,1,2,1,1,-0.5598
3383,1,2,1,1,1.5601
3384,1,2,1,1,-2.1361
3385,1,2,1,1,-1.7673
3386,1,2,1,1,-0.3971
3387,1,2,1,1,-0.4051
3388,1,2,1,1,0.1135
3389,1,2,1,1,-0.1884
3390,1,2,1,1,0.1167
3391,1,2,1,1,0.5818
3392,1,2,1,1,-2.164
3393,1,2,1,1,0.2077
3394,1,2,1,1,1.6665
3395,1,2,1,1,-1.4648
3396,1,2,1,1,1.2899
3397,1,2,1,1,-0.9343
3398,1,2,1,1,-0.8757
3399,1,2,1,1,-0.2008
3400,1,2,1,1,0.5829
3401,1,2,2,0,1.3938
3402,1,2,2,0,-0.8962
3403,1,2,2,0,0.0071
3404,1,2,2,0,-0.5519
3405,1,2,2,0,0.3904
3406,1,2,2,0,0.7805
3407,1,2,2,0,0.7905
3408,1,2,2,0,-0.5012
3409,1,2,2,0,1.0269
3410,1,2,2,0,-0.8907
3411,1,2,2,0,1.5092
3412,1,2,2,0,-1.2219
3413,1,2,2,0,-0.2428
3414,1,2,2,0,1.1248
3415,1,2,2,0,1.1483
3416,1,2,2,0,-1.2006
3417,1,2,2,0,-0.498
3418,1,2,2,0,0.3638
3419,1,2,2,0,-0.8764
3420,1,2,2,0,-0.1295
3421,1,2,2,0,1.3862
3422,1,2,2,0,-2.1396
3423,1,2,2,0,-0.3041
3424,1,2,2,0,-0.6995
3425,1,2,2,0,0.7518
3426,1,2,2,0,0.304
3427,1,2,2,0,0.1806
3428,1,2,2,0,-0.6454
3429,1,2,2,0,-1.146
3430,1,2,2,0,0.0977
3431,1,2,2,0,-0.3207
3432,1,2,2,0,-0.9523
3433,1,2,2,0,1.9662
3434,1,2,2,0,-1.6964
3435,1,2,2,0,0.0112
3436,1,2,2,0,0.3633
3437,1,2,2,0,-0.8732
3438,1,2,2,0,0.3755
3439,1,2,2,0,-0.8671
3440,1,2,2,0,-0.3881
3441,1,2,2,0,-0.1258
3442,1,2,2,0,1.7957
3443,1,2,2,0,0.0697
3444,1,2,2,0,0.425
3445,1,2,2,0,-0.4282
3446,1,2,2,0,0.8482
3447,1,2,2,0,-0.0802
3448,1,2,2,0,-1.5212
3449,1,2,2,0,0.8977
3450,1,2,2,0,-0.1839
3451,1,2,2,0,0.0156
3452,1,2,2,0,-0.3722
3453,1,2,2,0,-0.9056
3454,1,2,2,0,-1.0223
3455,1,2,2,0,1.4571
3456,1,2,2,0,-0.9826
3457,1,2,2,0,-0.6718
3458,1,2,2,0,1.9362
3459,1,2,2,0,-0.5836
3460,1,2,2,0,-0.1692
3461,1,2,2,0,0.1212
3462,1,2,2,0,-0.5145
3463,1,2,2,0,-0.4588
3464,1,2,2,0,0.3938
3465,1,2,2,0,1.6376
3466,1,2,2,0,-0.2427
3467,1,2,2,0,-0.471
3468,1,2,2,0,0.653
3469,1,2,2,0,-0.0361
3470,1,2,2,0,-0.0161
3471,1,2,2,0,0.2097
3472,1,2,2,0,0.2471
3473,1,2,2,0,-2.268
3474,1,2,2,0,0.7331
3475,1,2,2,0,-0.8385
3476,1,2,2,0,-0.1405
3477,1,2,2,0,0.6303
3478,1,2,2,0,0.2558
3479,1,2,2,0,0.6862
3480,1,2,2,0,0.4757
3481,1,2,2,0,0.7396
3482,1,2,2,0,0.8247
3483,1,2,2,0,0.9035
3484,1,2,2,0,0.3755
3485,1,2,2,0,-0.3833
3486,1,2,2,0,-0.8219
3487,1,2,2,0,0.8103
3488,1,2,2,0,-0.4044
3489,1,2,2,0,0.3977
3490,1,2,2,0,-0.3277
3491,1,2,2,0,1.5571
3492,1,2,2,0,-1.238
3493,1,2,2,0,-0.5704
3494,1,2,2,0,0.9367
3495,1,2,2,0,0.0286
3496,1,2,2,0,1.045
3497,1,2,2,0,-0.5041
3498,1,2,2,0,1.6241
3499,1,2,2,0,-1.0874
3500,1,2,2,0,0.6102
3501,1,2,2,1,0.7905
3502,1,2,2,1,1.2881
3503,1,2,2,1,0.188
3504,1,2,2,1,1.2666
3505,1,2,2,1,-1.0569
3506,1,2,2,1,-1.0771
3507,1,2,2,1,-0.4154
3508,1,2,2,1,1.5124
3509,1,2,2,1,0.3424
3510,1,2,2,1,0.8597
3511,1,2,2,1,0.5592
3512,1,2,2,1,1.1737
3513,1,2,2,1,-1.0945
3514,1,2,2,1,0.4268
3515,1,2,2,1,-1.305
3516,1,2,2,1,0.5177
3517,1,2,2,1,0.2833
3518,1,2,2,1,-0.1217
3519,1,2,2,1,-1.2262
3520,1,2,2,1,1.2324
3521,1,2,2,1,0.2724
3522,1,2,2,1,-0.7402
3523,1,2,2,1,1.099
3524,1,2,2,1,0.7803
3525,1,2,2,1,-1.4013
3526,1,2,2,1,0.0911
3527,1,2,2,1,0.0434
3528,1,2,2,1,-2.4105
3529,1,2,2,1,0.1645
3530,1,2,2,1,0.8972
3531,1,2,2,1,0.5403
3532,1,2,2,1,0.2992
3533,1,2,2,1,0.0678
3534,1,2,2,1,-0.6445
3535,1,2,2,1,-0.2699
3536,1,2,2,1,-0.4517
3537,1,2,2,1,0.579
3538,1,2,2,1,-2.7759
3539,1,2,2,1,-1.761
3540,1,2,2,1,-0.1336
3541,1,2,2,1,-1.0109
3542,1,2,2,1,0.4514
3543,1,2,2,1,1.407
3544,1,2,2,1,0.4699
3545,1,2,2,1,0.5066
3546,1,2,2,1,0.9594
3547,1,2,2,1,-0.9388
3548,1,2,2,1,0.3283
3549,1,2,2,1,0.7724
3550,1,2,2,1,-0.5667
3551,1,2,2,1,1.1684
3552,1,2,2,1,0.956
3553,1,2,2,1,-0.4079
3554,1,2,2,1,0.1248
3555,1,2,2,1,0.946
3556,1,2,2,1,0.3597
3557,1,2,2,1,-1.4202
3558,1,2,2,1,0.1416
3559,1,2,2,1,-0.7992
3560,1,2,2,1,-0.2915
3561,1,2,2,1,-0.0123
3562,1,2,2,1,-1.7702
3563,1,2,2,1,-0.4541
3564,1,2,2,1,-0.1025
3565,1,2,2,1,0.0849
3566,1,2,2,1,0.4817
3567,1,2,2,1,-0.2535
3568,1,2,2,1,0.8098
3569,1,2,2,1,-1.0268
3570,1,2,2,1,0.5374
3571,1,2,2,1,-0.0767
3572,1,2,2,1,-1.7144
3573,1,2,2,1,0.4606
3574,1,2,2,1,-0.3368
3575,1,2,2,1,-3.1017
3576,1,2,2,1,-1.2575
3577,1,2,2,1,-0.4412
3578,1,2,2,1,0.0901
3579,1,2,2,1,0.5024
3580,1,2,2,1,0.8136
3581,1,2,2,1,0.2534
3582,1,2,2,1,1.5068
3583,1,2,2,1,1.0796
3584,1,2,2,1,1.4667
3585,1,2,2,1,0.5598
3586,1,2,2,1,-0.7932
3587,1,2,2,1,-0.5031
3588,1,2,2,1,1.2424
3589,1,2,2,1,1.7461
3590,1,2,2,1,-0.2327
3591,1,2,2,1,-0.0476
3592,1,2,2,1,-0.0875
3593,1,2,2,1,0.3097
3594,1,2,2,1,0.2474
3595,1,2,2,1,0.3411
3596,1,2,2,1,0.783
3597,1,2,2,1,1.2342
3598,1,2,2,1,-1.7664
3599,1,2,2,1,-0.314
3600,1,2,2,1,-0.4298
